run_time,station_id,station_name,target,target_label,ecmwf_param,valid_time,lead_hours,raw_forecast_c,bias_correction_c,forecast_c,persistence_c,forecast_lower_c,forecast_upper_c,uncertainty_c,bias_source,latest_observation_time,latest_observation_c,observed_c,raw_error_c,forecast_error_c,persistence_error_c,within_band
2026-04-12 08:20:13.763926,63777,Inaquito,max,Max,mx2t3,2026-04-11 09:00:00,3.0,10.027557,2.2588513183593752,12.286408691406251,12.45,9.356787872314454,15.216029510498048,2.929620819091797,median of 8 current-run overlap point(s),2026-04-12 07:00:00,12.45,11.96,-1.932443000000001,0.3264086914062503,0.48999999999999844,True
2026-04-12 08:45:42.159103,63777,Inaquito,max,Max,mx2t3,2026-04-11 09:00:00,3.0,10.027557373046877,2.2588513183593752,12.286408691406251,12.43,9.356787872314454,15.216029510498048,2.929620819091797,median of 8 current-run overlap point(s),2026-04-12 07:00:00,12.43,11.96,-1.932442626953124,0.3264086914062503,0.46999999999999886,True
2026-04-12 09:38:22.541613,63777,Inaquito,max,Max,mx2t3,2026-04-11 09:00:00,3.0,10.027557373046877,2.2588513183593752,12.286408691406251,12.43,9.356787872314454,15.216029510498048,2.929620819091797,median of 8 current-run overlap point(s),2026-04-12 08:00:00,12.43,11.96,-1.932442626953124,0.3264086914062503,0.46999999999999886,True
2026-04-12 10:30:44.291958,63777,Inaquito,max,Max,mx2t3,2026-04-11 09:00:00,3.0,10.027557373046877,1.97048583984375,11.998043212890623,11.34,9.243599039713542,14.752487386067708,2.7544441731770832,median of 9 current-run overlap point(s),2026-04-12 09:00:00,11.34,11.96,-1.932442626953124,0.03804321289062251,-0.620000000000001,True
2026-04-12 11:27:43.942405,63777,Inaquito,max,Max,mx2t3,2026-04-11 09:00:00,3.0,10.027557373046877,1.97048583984375,11.998043212890623,11.17,9.26248792860243,14.73359849717882,2.7355552842881945,median of 9 current-run overlap point(s),2026-04-12 10:00:00,11.17,11.96,-1.932442626953124,0.03804321289062251,-0.7900000000000009,True
2026-04-12 08:20:13.763926,63777,Inaquito,min,Min,mn2t3,2026-04-11 09:00:00,3.0,7.7225037,4.259642333984375,11.982145996093749,12.41,6.1391670227050765,17.82512496948242,5.842978973388672,median of 8 current-run overlap point(s),2026-04-12 07:00:00,12.41,11.92,-4.1974963,0.062145996093748934,0.4900000000000002,True
2026-04-12 08:45:42.159103,63777,Inaquito,min,Min,mn2t3,2026-04-11 09:00:00,3.0,7.722503662109375,4.259642333984375,11.982145996093749,12.39,6.1391670227050765,17.82512496948242,5.842978973388672,median of 8 current-run overlap point(s),2026-04-12 07:00:00,12.39,11.92,-4.197496337890625,0.062145996093748934,0.47000000000000064,True
2026-04-12 09:38:22.541613,63777,Inaquito,min,Min,mn2t3,2026-04-11 09:00:00,3.0,7.722503662109375,4.259642333984375,11.982145996093749,12.39,6.1391670227050765,17.82512496948242,5.842978973388672,median of 8 current-run overlap point(s),2026-04-12 08:00:00,12.39,11.92,-4.197496337890625,0.062145996093748934,0.47000000000000064,True
2026-04-12 10:30:44.291958,63777,Inaquito,min,Min,mn2t3,2026-04-11 09:00:00,3.0,7.722503662109375,4.197496337890625,11.92,11.3,6.448539767795138,17.391460232204864,5.471460232204862,median of 9 current-run overlap point(s),2026-04-12 09:00:00,11.3,11.92,-4.197496337890625,0.0,-0.6199999999999992,True
2026-04-12 11:27:43.942405,63777,Inaquito,min,Min,mn2t3,2026-04-11 09:00:00,3.0,7.722503662109375,4.197496337890625,11.92,11.13,6.467428656684027,17.372571343315972,5.452571343315973,median of 9 current-run overlap point(s),2026-04-12 10:00:00,11.13,11.92,-4.197496337890625,0.0,-0.7899999999999991,True
2026-04-12 08:20:13.763926,63777,Inaquito,prom,Prom,2t,2026-04-11 09:00:00,3.0,7.617157,4.164150390625,11.781307373046875,12.41,7.593668975830077,15.968945770263671,4.187638397216798,median of 8 current-run overlap point(s),2026-04-12 07:00:00,12.41,11.94,-4.322843,-0.15869262695312436,0.47000000000000064,True
2026-04-12 08:45:42.159103,63777,Inaquito,prom,Prom,2t,2026-04-11 09:00:00,3.0,7.617156982421875,4.164150390625,11.781307373046875,12.41,7.593668975830077,15.968945770263671,4.187638397216798,median of 8 current-run overlap point(s),2026-04-12 07:00:00,12.41,11.94,-4.3228430175781245,-0.15869262695312436,0.47000000000000064,True
2026-04-12 09:38:22.541613,63777,Inaquito,prom,Prom,2t,2026-04-11 09:00:00,3.0,7.617156982421875,4.164150390625,11.781307373046875,11.32,7.593668975830077,15.968945770263671,4.187638397216798,median of 8 current-run overlap point(s),2026-04-12 08:00:00,11.32,11.94,-4.3228430175781245,-0.15869262695312436,-0.6199999999999992,True
2026-04-12 10:30:44.291958,63777,Inaquito,prom,Prom,2t,2026-04-11 09:00:00,3.0,7.617156982421875,4.005457763671876,11.62261474609375,11.15,7.6593359375,15.585893554687502,3.963278808593751,median of 9 current-run overlap point(s),2026-04-12 09:00:00,11.15,11.94,-4.3228430175781245,-0.3173852539062487,-0.7899999999999991,True
2026-04-12 11:27:43.942405,63777,Inaquito,prom,Prom,2t,2026-04-11 09:00:00,3.0,7.617156982421875,4.005457763671876,11.62261474609375,11.17,7.6593359375,15.585893554687502,3.963278808593751,median of 9 current-run overlap point(s),2026-04-12 10:00:00,11.17,11.94,-4.3228430175781245,-0.3173852539062487,-0.7699999999999996,True
2026-04-12 08:20:13.763926,63777,Inaquito,max,Max,mx2t3,2026-04-11 12:00:00,6.0,7.876007,2.2588513183593752,10.1348583984375,12.45,7.205237579345704,13.064479217529298,2.929620819091797,median of 8 current-run overlap point(s),2026-04-12 07:00:00,12.45,16.05,-8.173993,-5.915141601562501,-3.6000000000000014,False
2026-04-12 08:45:42.159103,63777,Inaquito,max,Max,mx2t3,2026-04-11 12:00:00,6.0,7.876007080078125,2.2588513183593752,10.1348583984375,12.43,7.205237579345704,13.064479217529298,2.929620819091797,median of 8 current-run overlap point(s),2026-04-12 07:00:00,12.43,16.05,-8.173992919921876,-5.915141601562501,-3.620000000000001,False
2026-04-12 09:38:22.541613,63777,Inaquito,max,Max,mx2t3,2026-04-11 12:00:00,6.0,7.876007080078125,2.2588513183593752,10.1348583984375,12.43,7.205237579345704,13.064479217529298,2.929620819091797,median of 8 current-run overlap point(s),2026-04-12 08:00:00,12.43,16.05,-8.173992919921876,-5.915141601562501,-3.620000000000001,False
2026-04-12 10:30:44.291958,63777,Inaquito,max,Max,mx2t3,2026-04-11 12:00:00,6.0,7.876007080078125,1.97048583984375,9.846492919921875,11.34,7.092048746744792,12.600937093098958,2.7544441731770832,median of 9 current-run overlap point(s),2026-04-12 09:00:00,11.34,16.05,-8.173992919921876,-6.203507080078126,-4.710000000000001,False
2026-04-12 11:27:43.942405,63777,Inaquito,max,Max,mx2t3,2026-04-11 12:00:00,6.0,7.876007080078125,1.97048583984375,9.846492919921875,11.17,7.110937635633681,12.58204820421007,2.7355552842881945,median of 9 current-run overlap point(s),2026-04-12 10:00:00,11.17,16.05,-8.173992919921876,-6.203507080078126,-4.880000000000001,False
2026-04-12 08:20:13.763926,63777,Inaquito,min,Min,mn2t3,2026-04-11 12:00:00,6.0,6.710907,4.259642333984375,10.970549316406249,12.41,5.1275703430175765,16.81352828979492,5.842978973388672,median of 8 current-run overlap point(s),2026-04-12 07:00:00,12.41,15.96,-9.249093000000002,-4.989450683593752,-3.5500000000000007,True
2026-04-12 08:45:42.159103,63777,Inaquito,min,Min,mn2t3,2026-04-11 12:00:00,6.0,6.710906982421875,4.259642333984375,10.970549316406249,12.39,5.1275703430175765,16.81352828979492,5.842978973388672,median of 8 current-run overlap point(s),2026-04-12 07:00:00,12.39,15.96,-9.249093017578126,-4.989450683593752,-3.5700000000000003,True
2026-04-12 09:38:22.541613,63777,Inaquito,min,Min,mn2t3,2026-04-11 12:00:00,6.0,6.710906982421875,4.259642333984375,10.970549316406249,12.39,5.1275703430175765,16.81352828979492,5.842978973388672,median of 8 current-run overlap point(s),2026-04-12 08:00:00,12.39,15.96,-9.249093017578126,-4.989450683593752,-3.5700000000000003,True
2026-04-12 10:30:44.291958,63777,Inaquito,min,Min,mn2t3,2026-04-11 12:00:00,6.0,6.710906982421875,4.197496337890625,10.9084033203125,11.3,5.436943088107638,16.379863552517364,5.471460232204862,median of 9 current-run overlap point(s),2026-04-12 09:00:00,11.3,15.96,-9.249093017578126,-5.051596679687501,-4.66,True
2026-04-12 11:27:43.942405,63777,Inaquito,min,Min,mn2t3,2026-04-11 12:00:00,6.0,6.710906982421875,4.197496337890625,10.9084033203125,11.13,5.455831976996527,16.360974663628472,5.452571343315973,median of 9 current-run overlap point(s),2026-04-12 10:00:00,11.13,15.96,-9.249093017578126,-5.051596679687501,-4.83,True
2026-04-12 08:20:13.763926,63777,Inaquito,prom,Prom,2t,2026-04-11 12:00:00,6.0,8.468414,4.164150390625,12.632564697265623,12.41,8.444926300048827,16.820203094482423,4.187638397216798,median of 8 current-run overlap point(s),2026-04-12 07:00:00,12.41,16.01,-7.541586000000002,-3.377435302734378,-3.6000000000000014,True
2026-04-12 08:45:42.159103,63777,Inaquito,prom,Prom,2t,2026-04-11 12:00:00,6.0,8.468414306640625,4.164150390625,12.632564697265623,12.41,8.444926300048827,16.820203094482423,4.187638397216798,median of 8 current-run overlap point(s),2026-04-12 07:00:00,12.41,16.01,-7.541585693359377,-3.377435302734378,-3.6000000000000014,True
2026-04-12 09:38:22.541613,63777,Inaquito,prom,Prom,2t,2026-04-11 12:00:00,6.0,8.468414306640625,4.164150390625,12.632564697265623,11.32,8.444926300048827,16.820203094482423,4.187638397216798,median of 8 current-run overlap point(s),2026-04-12 08:00:00,11.32,16.01,-7.541585693359377,-3.377435302734378,-4.690000000000001,True
2026-04-12 10:30:44.291958,63777,Inaquito,prom,Prom,2t,2026-04-11 12:00:00,6.0,8.468414306640625,4.005457763671876,12.4738720703125,11.15,8.51059326171875,16.43715087890625,3.963278808593751,median of 9 current-run overlap point(s),2026-04-12 09:00:00,11.15,16.01,-7.541585693359377,-3.536127929687501,-4.860000000000001,True
2026-04-12 11:27:43.942405,63777,Inaquito,prom,Prom,2t,2026-04-11 12:00:00,6.0,8.468414306640625,4.005457763671876,12.4738720703125,11.17,8.51059326171875,16.43715087890625,3.963278808593751,median of 9 current-run overlap point(s),2026-04-12 10:00:00,11.17,16.01,-7.541585693359377,-3.536127929687501,-4.840000000000002,True
2026-04-12 08:20:13.763926,63777,Inaquito,max,Max,mx2t3,2026-04-11 15:00:00,9.0,15.944183,2.2588513183593752,18.20303466796875,12.45,15.273413848876954,21.132655487060543,2.929620819091797,median of 8 current-run overlap point(s),2026-04-12 07:00:00,12.45,20.75,-4.805816999999999,-2.546965332031249,-8.3,True
2026-04-12 08:45:42.159103,63777,Inaquito,max,Max,mx2t3,2026-04-11 15:00:00,9.0,15.944183349609377,2.2588513183593752,18.20303466796875,12.43,15.273413848876954,21.132655487060543,2.929620819091797,median of 8 current-run overlap point(s),2026-04-12 07:00:00,12.43,20.75,-4.805816650390623,-2.546965332031249,-8.32,True
2026-04-12 09:38:22.541613,63777,Inaquito,max,Max,mx2t3,2026-04-11 15:00:00,9.0,15.944183349609377,2.2588513183593752,18.20303466796875,12.43,15.273413848876954,21.132655487060543,2.929620819091797,median of 8 current-run overlap point(s),2026-04-12 08:00:00,12.43,20.75,-4.805816650390623,-2.546965332031249,-8.32,True
2026-04-12 10:30:44.291958,63777,Inaquito,max,Max,mx2t3,2026-04-11 15:00:00,9.0,15.944183349609377,1.97048583984375,17.914669189453125,11.34,15.160225016276042,20.66911336263021,2.7544441731770832,median of 9 current-run overlap point(s),2026-04-12 09:00:00,11.34,20.75,-4.805816650390623,-2.835330810546875,-9.41,False
2026-04-12 11:27:43.942405,63777,Inaquito,max,Max,mx2t3,2026-04-11 15:00:00,9.0,15.944183349609377,1.97048583984375,17.914669189453125,11.17,15.17911390516493,20.65022447374132,2.7355552842881945,median of 9 current-run overlap point(s),2026-04-12 10:00:00,11.17,20.75,-4.805816650390623,-2.835330810546875,-9.58,False
2026-04-12 08:20:13.763926,63777,Inaquito,min,Min,mn2t3,2026-04-11 15:00:00,9.0,8.473206,4.259642333984375,12.732847900390624,12.41,6.889868927001952,18.57582687377929,5.842978973388672,median of 8 current-run overlap point(s),2026-04-12 07:00:00,12.41,20.6,-12.126794000000002,-7.867152099609378,-8.190000000000001,False
2026-04-12 08:45:42.159103,63777,Inaquito,min,Min,mn2t3,2026-04-11 15:00:00,9.0,8.47320556640625,4.259642333984375,12.732847900390624,12.39,6.889868927001952,18.57582687377929,5.842978973388672,median of 8 current-run overlap point(s),2026-04-12 07:00:00,12.39,20.6,-12.126794433593751,-7.867152099609378,-8.21,False
2026-04-12 09:38:22.541613,63777,Inaquito,min,Min,mn2t3,2026-04-11 15:00:00,9.0,8.47320556640625,4.259642333984375,12.732847900390624,12.39,6.889868927001952,18.57582687377929,5.842978973388672,median of 8 current-run overlap point(s),2026-04-12 08:00:00,12.39,20.6,-12.126794433593751,-7.867152099609378,-8.21,False
2026-04-12 10:30:44.291958,63777,Inaquito,min,Min,mn2t3,2026-04-11 15:00:00,9.0,8.47320556640625,4.197496337890625,12.670701904296877,11.3,7.199241672092013,18.14216213650174,5.471460232204862,median of 9 current-run overlap point(s),2026-04-12 09:00:00,11.3,20.6,-12.126794433593751,-7.929298095703125,-9.3,False
2026-04-12 11:27:43.942405,63777,Inaquito,min,Min,mn2t3,2026-04-11 15:00:00,9.0,8.47320556640625,4.197496337890625,12.670701904296877,11.13,7.218130560980902,18.123273247612847,5.452571343315973,median of 9 current-run overlap point(s),2026-04-12 10:00:00,11.13,20.6,-12.126794433593751,-7.929298095703125,-9.47,False
2026-04-12 08:20:13.763926,63777,Inaquito,prom,Prom,2t,2026-04-11 15:00:00,9.0,16.20288,4.164150390625,20.36703125,12.41,16.179392852783202,24.5546696472168,4.187638397216798,median of 8 current-run overlap point(s),2026-04-12 07:00:00,12.41,20.67,-4.467120000000001,-0.30296875000000156,-8.260000000000002,True
2026-04-12 08:45:42.159103,63777,Inaquito,prom,Prom,2t,2026-04-11 15:00:00,9.0,16.202880859375,4.164150390625,20.36703125,12.41,16.179392852783202,24.5546696472168,4.187638397216798,median of 8 current-run overlap point(s),2026-04-12 07:00:00,12.41,20.67,-4.467119140625002,-0.30296875000000156,-8.260000000000002,True
2026-04-12 09:38:22.541613,63777,Inaquito,prom,Prom,2t,2026-04-11 15:00:00,9.0,16.202880859375,4.164150390625,20.36703125,11.32,16.179392852783202,24.5546696472168,4.187638397216798,median of 8 current-run overlap point(s),2026-04-12 08:00:00,11.32,20.67,-4.467119140625002,-0.30296875000000156,-9.350000000000001,True
2026-04-12 10:30:44.291958,63777,Inaquito,prom,Prom,2t,2026-04-11 15:00:00,9.0,16.202880859375,4.005457763671876,20.20833862304688,11.15,16.24505981445313,24.171617431640627,3.963278808593751,median of 9 current-run overlap point(s),2026-04-12 09:00:00,11.15,20.67,-4.467119140625002,-0.4616613769531206,-9.520000000000001,True
2026-04-12 11:27:43.942405,63777,Inaquito,prom,Prom,2t,2026-04-11 15:00:00,9.0,16.202880859375,4.005457763671876,20.20833862304688,11.17,16.24505981445313,24.171617431640627,3.963278808593751,median of 9 current-run overlap point(s),2026-04-12 10:00:00,11.17,20.67,-4.467119140625002,-0.4616613769531206,-9.500000000000002,True
2026-04-12 08:20:13.763926,63777,Inaquito,max,Max,mx2t3,2026-04-11 18:00:00,12.0,20.64038,2.2588513183593752,22.899232177734376,12.45,19.96961135864258,25.82885299682617,2.929620819091797,median of 8 current-run overlap point(s),2026-04-12 07:00:00,12.45,23.57,-2.92962,-0.6707678222656241,-11.120000000000001,True
2026-04-12 08:45:42.159103,63777,Inaquito,max,Max,mx2t3,2026-04-11 18:00:00,12.0,20.640380859375,2.2588513183593752,22.899232177734376,12.43,19.96961135864258,25.82885299682617,2.929620819091797,median of 8 current-run overlap point(s),2026-04-12 07:00:00,12.43,23.57,-2.9296191406250003,-0.6707678222656241,-11.14,True
2026-04-12 09:38:22.541613,63777,Inaquito,max,Max,mx2t3,2026-04-11 18:00:00,12.0,20.640380859375,2.2588513183593752,22.899232177734376,12.43,19.96961135864258,25.82885299682617,2.929620819091797,median of 8 current-run overlap point(s),2026-04-12 08:00:00,12.43,23.57,-2.9296191406250003,-0.6707678222656241,-11.14,True
2026-04-12 10:30:44.291958,63777,Inaquito,max,Max,mx2t3,2026-04-11 18:00:00,12.0,20.640380859375,1.97048583984375,22.61086669921875,11.34,19.856422526041666,25.365310872395835,2.7544441731770832,median of 9 current-run overlap point(s),2026-04-12 09:00:00,11.34,23.57,-2.9296191406250003,-0.9591333007812501,-12.23,True
2026-04-12 11:27:43.942405,63777,Inaquito,max,Max,mx2t3,2026-04-11 18:00:00,12.0,20.640380859375,1.97048583984375,22.61086669921875,11.17,19.87531141493056,25.346421983506943,2.7355552842881945,median of 9 current-run overlap point(s),2026-04-12 10:00:00,11.17,23.57,-2.9296191406250003,-0.9591333007812501,-12.4,True
2026-04-12 08:20:13.763926,63777,Inaquito,min,Min,mn2t3,2026-04-11 18:00:00,12.0,16.21048,4.259642333984375,20.4701220703125,12.41,14.627143096923827,26.31310104370117,5.842978973388672,median of 8 current-run overlap point(s),2026-04-12 07:00:00,12.41,23.43,-7.219519999999999,-2.959877929687501,-11.02,True
2026-04-12 08:45:42.159103,63777,Inaquito,min,Min,mn2t3,2026-04-11 18:00:00,12.0,16.210479736328125,4.259642333984375,20.4701220703125,12.39,14.627143096923827,26.31310104370117,5.842978973388672,median of 8 current-run overlap point(s),2026-04-12 07:00:00,12.39,23.43,-7.219520263671875,-2.959877929687501,-11.04,True
2026-04-12 09:38:22.541613,63777,Inaquito,min,Min,mn2t3,2026-04-11 18:00:00,12.0,16.210479736328125,4.259642333984375,20.4701220703125,12.39,14.627143096923827,26.31310104370117,5.842978973388672,median of 8 current-run overlap point(s),2026-04-12 08:00:00,12.39,23.43,-7.219520263671875,-2.959877929687501,-11.04,True
2026-04-12 10:30:44.291958,63777,Inaquito,min,Min,mn2t3,2026-04-11 18:00:00,12.0,16.210479736328125,4.197496337890625,20.40797607421875,11.3,14.93651584201389,25.879436306423614,5.471460232204862,median of 9 current-run overlap point(s),2026-04-12 09:00:00,11.3,23.43,-7.219520263671875,-3.022023925781248,-12.129999999999999,True
2026-04-12 11:27:43.942405,63777,Inaquito,min,Min,mn2t3,2026-04-11 18:00:00,12.0,16.210479736328125,4.197496337890625,20.40797607421875,11.13,14.955404730902778,25.860547417534725,5.452571343315973,median of 9 current-run overlap point(s),2026-04-12 10:00:00,11.13,23.43,-7.219520263671875,-3.022023925781248,-12.299999999999999,True
2026-04-12 08:20:13.763926,63777,Inaquito,prom,Prom,2t,2026-04-11 18:00:00,12.0,20.53598,4.164150390625,24.70013061523437,12.41,20.512492218017577,28.887769012451173,4.187638397216798,median of 8 current-run overlap point(s),2026-04-12 07:00:00,12.41,23.5,-2.9640200000000014,1.2001306152343716,-11.09,True
2026-04-12 08:45:42.159103,63777,Inaquito,prom,Prom,2t,2026-04-11 18:00:00,12.0,20.53598022460937,4.164150390625,24.70013061523437,12.41,20.512492218017577,28.887769012451173,4.187638397216798,median of 8 current-run overlap point(s),2026-04-12 07:00:00,12.41,23.5,-2.9640197753906286,1.2001306152343716,-11.09,True
2026-04-12 09:38:22.541613,63777,Inaquito,prom,Prom,2t,2026-04-11 18:00:00,12.0,20.53598022460937,4.164150390625,24.70013061523437,11.32,20.512492218017577,28.887769012451173,4.187638397216798,median of 8 current-run overlap point(s),2026-04-12 08:00:00,11.32,23.5,-2.9640197753906286,1.2001306152343716,-12.18,True
2026-04-12 10:30:44.291958,63777,Inaquito,prom,Prom,2t,2026-04-11 18:00:00,12.0,20.53598022460937,4.005457763671876,24.541437988281253,11.15,20.578159179687503,28.504716796875,3.963278808593751,median of 9 current-run overlap point(s),2026-04-12 09:00:00,11.15,23.5,-2.9640197753906286,1.0414379882812526,-12.35,True
2026-04-12 11:27:43.942405,63777,Inaquito,prom,Prom,2t,2026-04-11 18:00:00,12.0,20.53598022460937,4.005457763671876,24.541437988281253,11.17,20.578159179687503,28.504716796875,3.963278808593751,median of 9 current-run overlap point(s),2026-04-12 10:00:00,11.17,23.5,-2.9640197753906286,1.0414379882812526,-12.33,True
2026-04-12 08:20:13.763926,63777,Inaquito,max,Max,mx2t3,2026-04-11 21:00:00,15.0,20.555145,2.2588513183593752,22.81399658203125,12.45,19.884375762939456,25.743617401123046,2.929620819091797,median of 8 current-run overlap point(s),2026-04-12 07:00:00,12.45,19.56,0.9951450000000008,3.2539965820312524,-7.109999999999999,False
2026-04-12 08:45:42.159103,63777,Inaquito,max,Max,mx2t3,2026-04-11 21:00:00,15.0,20.555145263671875,2.2588513183593752,22.81399658203125,12.43,19.884375762939456,25.743617401123046,2.929620819091797,median of 8 current-run overlap point(s),2026-04-12 07:00:00,12.43,19.56,0.9951452636718763,3.2539965820312524,-7.129999999999999,False
2026-04-12 09:38:22.541613,63777,Inaquito,max,Max,mx2t3,2026-04-11 21:00:00,15.0,20.555145263671875,2.2588513183593752,22.81399658203125,12.43,19.884375762939456,25.743617401123046,2.929620819091797,median of 8 current-run overlap point(s),2026-04-12 08:00:00,12.43,19.56,0.9951452636718763,3.2539965820312524,-7.129999999999999,False
2026-04-12 10:30:44.291958,63777,Inaquito,max,Max,mx2t3,2026-04-11 21:00:00,15.0,20.555145263671875,1.97048583984375,22.525631103515625,11.34,19.77118693033854,25.28007527669271,2.7544441731770832,median of 9 current-run overlap point(s),2026-04-12 09:00:00,11.34,19.56,0.9951452636718763,2.9656311035156264,-8.219999999999999,False
2026-04-12 11:27:43.942405,63777,Inaquito,max,Max,mx2t3,2026-04-11 21:00:00,15.0,20.555145263671875,1.97048583984375,22.525631103515625,11.17,19.790075819227432,25.26118638780381,2.7355552842881945,median of 9 current-run overlap point(s),2026-04-12 10:00:00,11.17,19.56,0.9951452636718763,2.9656311035156264,-8.389999999999999,False
2026-04-12 08:20:13.763926,63777,Inaquito,min,Min,mn2t3,2026-04-11 21:00:00,15.0,16.486969,4.259642333984375,20.746611328125,12.41,14.903632354736327,26.58959030151367,5.842978973388672,median of 8 current-run overlap point(s),2026-04-12 07:00:00,12.41,19.49,-3.003031,1.2566113281250004,-7.079999999999998,True
2026-04-12 08:45:42.159103,63777,Inaquito,min,Min,mn2t3,2026-04-11 21:00:00,15.0,16.486968994140625,4.259642333984375,20.746611328125,12.39,14.903632354736327,26.58959030151367,5.842978973388672,median of 8 current-run overlap point(s),2026-04-12 07:00:00,12.39,19.49,-3.0030310058593734,1.2566113281250004,-7.099999999999998,True
2026-04-12 09:38:22.541613,63777,Inaquito,min,Min,mn2t3,2026-04-11 21:00:00,15.0,16.486968994140625,4.259642333984375,20.746611328125,12.39,14.903632354736327,26.58959030151367,5.842978973388672,median of 8 current-run overlap point(s),2026-04-12 08:00:00,12.39,19.49,-3.0030310058593734,1.2566113281250004,-7.099999999999998,True
2026-04-12 10:30:44.291958,63777,Inaquito,min,Min,mn2t3,2026-04-11 21:00:00,15.0,16.486968994140625,4.197496337890625,20.68446533203125,11.3,15.21300509982639,26.15592556423612,5.471460232204862,median of 9 current-run overlap point(s),2026-04-12 09:00:00,11.3,19.49,-3.0030310058593734,1.1944653320312533,-8.189999999999998,True
2026-04-12 11:27:43.942405,63777,Inaquito,min,Min,mn2t3,2026-04-11 21:00:00,15.0,16.486968994140625,4.197496337890625,20.68446533203125,11.13,15.231893988715278,26.137036675347225,5.452571343315973,median of 9 current-run overlap point(s),2026-04-12 10:00:00,11.13,19.49,-3.0030310058593734,1.1944653320312533,-8.359999999999998,True
2026-04-12 08:20:13.763926,63777,Inaquito,prom,Prom,2t,2026-04-11 21:00:00,15.0,16.409973,4.164150390625,20.57412353515625,12.41,16.386485137939452,24.761761932373048,4.187638397216798,median of 8 current-run overlap point(s),2026-04-12 07:00:00,12.41,19.52,-3.1100269999999988,1.0541235351562506,-7.109999999999999,True
2026-04-12 08:45:42.159103,63777,Inaquito,prom,Prom,2t,2026-04-11 21:00:00,15.0,16.40997314453125,4.164150390625,20.57412353515625,12.41,16.386485137939452,24.761761932373048,4.187638397216798,median of 8 current-run overlap point(s),2026-04-12 07:00:00,12.41,19.52,-3.1100268554687496,1.0541235351562506,-7.109999999999999,True
2026-04-12 09:38:22.541613,63777,Inaquito,prom,Prom,2t,2026-04-11 21:00:00,15.0,16.40997314453125,4.164150390625,20.57412353515625,11.32,16.386485137939452,24.761761932373048,4.187638397216798,median of 8 current-run overlap point(s),2026-04-12 08:00:00,11.32,19.52,-3.1100268554687496,1.0541235351562506,-8.2,True
2026-04-12 10:30:44.291958,63777,Inaquito,prom,Prom,2t,2026-04-11 21:00:00,15.0,16.40997314453125,4.005457763671876,20.415430908203128,11.15,16.45215209960938,24.37870971679688,3.963278808593751,median of 9 current-run overlap point(s),2026-04-12 09:00:00,11.15,19.52,-3.1100268554687496,0.895430908203128,-8.37,True
2026-04-12 11:27:43.942405,63777,Inaquito,prom,Prom,2t,2026-04-11 21:00:00,15.0,16.40997314453125,4.005457763671876,20.415430908203128,11.17,16.45215209960938,24.37870971679688,3.963278808593751,median of 9 current-run overlap point(s),2026-04-12 10:00:00,11.17,19.52,-3.1100268554687496,0.895430908203128,-8.35,True
2026-04-12 08:20:13.763926,63777,Inaquito,max,Max,mx2t3,2026-04-12 00:00:00,18.0,16.477753,2.2588513183593752,18.73660400390625,12.45,15.806983184814454,21.666224822998046,2.929620819091797,median of 8 current-run overlap point(s),2026-04-12 07:00:00,12.45,16.56,-0.08224699999999885,2.1766040039062524,-4.109999999999999,True
2026-04-12 08:45:42.159103,63777,Inaquito,max,Max,mx2t3,2026-04-12 00:00:00,18.0,16.477752685546875,2.2588513183593752,18.73660400390625,12.43,15.806983184814454,21.666224822998046,2.929620819091797,median of 8 current-run overlap point(s),2026-04-12 07:00:00,12.43,16.56,-0.08224731445312372,2.1766040039062524,-4.129999999999999,True
2026-04-12 09:38:22.541613,63777,Inaquito,max,Max,mx2t3,2026-04-12 00:00:00,18.0,16.477752685546875,2.2588513183593752,18.73660400390625,12.43,15.806983184814454,21.666224822998046,2.929620819091797,median of 8 current-run overlap point(s),2026-04-12 08:00:00,12.43,16.56,-0.08224731445312372,2.1766040039062524,-4.129999999999999,True
2026-04-12 10:30:44.291958,63777,Inaquito,max,Max,mx2t3,2026-04-12 00:00:00,18.0,16.477752685546875,1.97048583984375,18.448238525390625,11.34,15.693794352213542,21.20268269856771,2.7544441731770832,median of 9 current-run overlap point(s),2026-04-12 09:00:00,11.34,16.56,-0.08224731445312372,1.8882385253906264,-5.219999999999999,True
2026-04-12 11:27:43.942405,63777,Inaquito,max,Max,mx2t3,2026-04-12 00:00:00,18.0,16.477752685546875,1.97048583984375,18.448238525390625,11.17,15.71268324110243,21.18379380967881,2.7355552842881945,median of 9 current-run overlap point(s),2026-04-12 10:00:00,11.17,16.56,-0.08224731445312372,1.8882385253906264,-5.389999999999999,True
2026-04-12 08:20:13.763926,63777,Inaquito,min,Min,mn2t3,2026-04-12 00:00:00,18.0,12.198212,4.259642333984375,16.45785400390625,12.41,10.614875030517576,22.30083297729492,5.842978973388672,median of 8 current-run overlap point(s),2026-04-12 07:00:00,12.41,16.52,-4.321788,-0.06214599609375071,-4.109999999999999,True
2026-04-12 08:45:42.159103,63777,Inaquito,min,Min,mn2t3,2026-04-12 00:00:00,18.0,12.198211669921877,4.259642333984375,16.45785400390625,12.39,10.614875030517576,22.30083297729492,5.842978973388672,median of 8 current-run overlap point(s),2026-04-12 07:00:00,12.39,16.52,-4.321788330078123,-0.06214599609375071,-4.129999999999999,True
2026-04-12 09:38:22.541613,63777,Inaquito,min,Min,mn2t3,2026-04-12 00:00:00,18.0,12.198211669921877,4.259642333984375,16.45785400390625,12.39,10.614875030517576,22.30083297729492,5.842978973388672,median of 8 current-run overlap point(s),2026-04-12 08:00:00,12.39,16.52,-4.321788330078123,-0.06214599609375071,-4.129999999999999,True
2026-04-12 10:30:44.291958,63777,Inaquito,min,Min,mn2t3,2026-04-12 00:00:00,18.0,12.198211669921877,4.197496337890625,16.3957080078125,11.3,10.92424777560764,21.867168240017364,5.471460232204862,median of 9 current-run overlap point(s),2026-04-12 09:00:00,11.3,16.52,-4.321788330078123,-0.12429199218749787,-5.219999999999999,True
2026-04-12 11:27:43.942405,63777,Inaquito,min,Min,mn2t3,2026-04-12 00:00:00,18.0,12.198211669921877,4.197496337890625,16.3957080078125,11.13,10.943136664496528,21.848279351128475,5.452571343315973,median of 9 current-run overlap point(s),2026-04-12 10:00:00,11.13,16.52,-4.321788330078123,-0.12429199218749787,-5.389999999999999,True
2026-04-12 08:20:13.763926,63777,Inaquito,prom,Prom,2t,2026-04-12 00:00:00,18.0,12.119141,4.164150390625,16.283291015625,12.41,12.095652618408202,20.4709294128418,4.187638397216798,median of 8 current-run overlap point(s),2026-04-12 07:00:00,12.41,16.54,-4.420858999999998,-0.256708984374999,-4.129999999999999,True
2026-04-12 08:45:42.159103,63777,Inaquito,prom,Prom,2t,2026-04-12 00:00:00,18.0,12.119140625,4.164150390625,16.283291015625,12.41,12.095652618408202,20.4709294128418,4.187638397216798,median of 8 current-run overlap point(s),2026-04-12 07:00:00,12.41,16.54,-4.420859374999999,-0.256708984374999,-4.129999999999999,True
2026-04-12 09:38:22.541613,63777,Inaquito,prom,Prom,2t,2026-04-12 00:00:00,18.0,12.119140625,4.164150390625,16.283291015625,11.32,12.095652618408202,20.4709294128418,4.187638397216798,median of 8 current-run overlap point(s),2026-04-12 08:00:00,11.32,16.54,-4.420859374999999,-0.256708984374999,-5.219999999999999,True
2026-04-12 10:30:44.291958,63777,Inaquito,prom,Prom,2t,2026-04-12 00:00:00,18.0,12.119140625,4.005457763671876,16.124598388671878,11.15,12.161319580078128,20.087877197265627,3.963278808593751,median of 9 current-run overlap point(s),2026-04-12 09:00:00,11.15,16.54,-4.420859374999999,-0.4154016113281216,-5.389999999999999,True
2026-04-12 11:27:43.942405,63777,Inaquito,prom,Prom,2t,2026-04-12 00:00:00,18.0,12.119140625,4.005457763671876,16.124598388671878,11.17,12.161319580078128,20.087877197265627,3.963278808593751,median of 9 current-run overlap point(s),2026-04-12 10:00:00,11.17,16.54,-4.420859374999999,-0.4154016113281216,-5.369999999999999,True
2026-04-12 08:20:13.763926,63777,Inaquito,max,Max,mx2t3,2026-04-12 03:00:00,21.0,12.102783,2.2588513183593752,14.361634521484376,12.45,11.43201370239258,17.29125534057617,2.929620819091797,median of 8 current-run overlap point(s),2026-04-12 07:00:00,12.45,14.65,-2.547217,-0.2883654785156242,-2.200000000000001,True
2026-04-12 08:45:42.159103,63777,Inaquito,max,Max,mx2t3,2026-04-12 03:00:00,21.0,12.102783203125,2.2588513183593752,14.361634521484376,12.43,11.43201370239258,17.29125534057617,2.929620819091797,median of 8 current-run overlap point(s),2026-04-12 07:00:00,12.43,14.65,-2.5472167968750004,-0.2883654785156242,-2.2200000000000006,True
2026-04-12 09:38:22.541613,63777,Inaquito,max,Max,mx2t3,2026-04-12 03:00:00,21.0,12.102783203125,2.2588513183593752,14.361634521484376,12.43,11.43201370239258,17.29125534057617,2.929620819091797,median of 8 current-run overlap point(s),2026-04-12 08:00:00,12.43,14.65,-2.5472167968750004,-0.2883654785156242,-2.2200000000000006,True
2026-04-12 10:30:44.291958,63777,Inaquito,max,Max,mx2t3,2026-04-12 03:00:00,21.0,12.102783203125,1.97048583984375,14.07326904296875,11.34,11.318824869791667,16.827713216145835,2.7544441731770832,median of 9 current-run overlap point(s),2026-04-12 09:00:00,11.34,14.65,-2.5472167968750004,-0.5767309570312502,-3.3100000000000005,True
2026-04-12 11:27:43.942405,63777,Inaquito,max,Max,mx2t3,2026-04-12 03:00:00,21.0,12.102783203125,1.97048583984375,14.07326904296875,11.17,11.337713758680556,16.808824327256943,2.7355552842881945,median of 9 current-run overlap point(s),2026-04-12 10:00:00,11.17,14.65,-2.5472167968750004,-0.5767309570312502,-3.4800000000000004,True
2026-04-12 08:20:13.763926,63777,Inaquito,min,Min,mn2t3,2026-04-12 03:00:00,21.0,10.650696,4.259642333984375,14.910338134765624,12.41,9.067359161376952,20.75331710815429,5.842978973388672,median of 8 current-run overlap point(s),2026-04-12 07:00:00,12.41,14.61,-3.9593039999999995,0.30033813476562443,-2.1999999999999993,True
2026-04-12 08:45:42.159103,63777,Inaquito,min,Min,mn2t3,2026-04-12 03:00:00,21.0,10.65069580078125,4.259642333984375,14.910338134765624,12.39,9.067359161376952,20.75331710815429,5.842978973388672,median of 8 current-run overlap point(s),2026-04-12 07:00:00,12.39,14.61,-3.9593041992187494,0.30033813476562443,-2.219999999999999,True
2026-04-12 09:38:22.541613,63777,Inaquito,min,Min,mn2t3,2026-04-12 03:00:00,21.0,10.65069580078125,4.259642333984375,14.910338134765624,12.39,9.067359161376952,20.75331710815429,5.842978973388672,median of 8 current-run overlap point(s),2026-04-12 08:00:00,12.39,14.61,-3.9593041992187494,0.30033813476562443,-2.219999999999999,True
2026-04-12 10:30:44.291958,63777,Inaquito,min,Min,mn2t3,2026-04-12 03:00:00,21.0,10.65069580078125,4.197496337890625,14.848192138671877,11.3,9.376731906467011,20.31965237087674,5.471460232204862,median of 9 current-run overlap point(s),2026-04-12 09:00:00,11.3,14.61,-3.9593041992187494,0.23819213867187727,-3.3099999999999987,True
2026-04-12 11:27:43.942405,63777,Inaquito,min,Min,mn2t3,2026-04-12 03:00:00,21.0,10.65069580078125,4.197496337890625,14.848192138671877,11.13,9.395620795355905,20.300763481987847,5.452571343315973,median of 9 current-run overlap point(s),2026-04-12 10:00:00,11.13,14.61,-3.9593041992187494,0.23819213867187727,-3.4799999999999986,True
2026-04-12 08:20:13.763926,63777,Inaquito,prom,Prom,2t,2026-04-12 03:00:00,21.0,10.624542,4.164150390625,14.788692626953123,12.41,10.601054229736327,18.976331024169923,4.187638397216798,median of 8 current-run overlap point(s),2026-04-12 07:00:00,12.41,14.63,-4.005458000000001,0.15869262695312258,-2.2200000000000006,True
2026-04-12 08:45:42.159103,63777,Inaquito,prom,Prom,2t,2026-04-12 03:00:00,21.0,10.624542236328123,4.164150390625,14.788692626953123,12.41,10.601054229736327,18.976331024169923,4.187638397216798,median of 8 current-run overlap point(s),2026-04-12 07:00:00,12.41,14.63,-4.005457763671878,0.15869262695312258,-2.2200000000000006,True
2026-04-12 09:38:22.541613,63777,Inaquito,prom,Prom,2t,2026-04-12 03:00:00,21.0,10.624542236328123,4.164150390625,14.788692626953123,11.32,10.601054229736327,18.976331024169923,4.187638397216798,median of 8 current-run overlap point(s),2026-04-12 08:00:00,11.32,14.63,-4.005457763671878,0.15869262695312258,-3.3100000000000005,True
2026-04-12 10:30:44.291958,63777,Inaquito,prom,Prom,2t,2026-04-12 03:00:00,21.0,10.624542236328123,4.005457763671876,14.63,11.15,10.66672119140625,18.59327880859375,3.963278808593751,median of 9 current-run overlap point(s),2026-04-12 09:00:00,11.15,14.63,-4.005457763671878,0.0,-3.4800000000000004,True
2026-04-12 11:27:43.942405,63777,Inaquito,prom,Prom,2t,2026-04-12 03:00:00,21.0,10.624542236328123,4.005457763671876,14.63,11.17,10.66672119140625,18.59327880859375,3.963278808593751,median of 9 current-run overlap point(s),2026-04-12 10:00:00,11.17,14.63,-4.005457763671878,0.0,-3.460000000000001,True
2026-04-12 08:20:13.763926,63777,Inaquito,max,Max,mx2t3,2026-04-12 06:00:00,24.0,10.689514,2.2588513183593752,12.948365478515626,12.45,10.01874465942383,15.877986297607425,2.929620819091797,median of 8 current-run overlap point(s),2026-04-12 07:00:00,12.45,12.66,-1.9704859999999993,0.288365478515626,-0.21000000000000085,True
2026-04-12 08:45:42.159103,63777,Inaquito,max,Max,mx2t3,2026-04-12 06:00:00,24.0,10.68951416015625,2.2588513183593752,12.948365478515626,12.43,10.01874465942383,15.877986297607425,2.929620819091797,median of 8 current-run overlap point(s),2026-04-12 07:00:00,12.43,12.66,-1.9704858398437501,0.288365478515626,-0.23000000000000043,True
2026-04-12 09:38:22.541613,63777,Inaquito,max,Max,mx2t3,2026-04-12 06:00:00,24.0,10.68951416015625,2.2588513183593752,12.948365478515626,12.43,10.01874465942383,15.877986297607425,2.929620819091797,median of 8 current-run overlap point(s),2026-04-12 08:00:00,12.43,12.66,-1.9704858398437501,0.288365478515626,-0.23000000000000043,True
2026-04-12 10:30:44.291958,63777,Inaquito,max,Max,mx2t3,2026-04-12 06:00:00,24.0,10.68951416015625,1.97048583984375,12.66,11.34,9.905555826822916,15.414444173177085,2.7544441731770832,median of 9 current-run overlap point(s),2026-04-12 09:00:00,11.34,12.66,-1.9704858398437501,0.0,-1.3200000000000003,True
2026-04-12 11:27:43.942405,63777,Inaquito,max,Max,mx2t3,2026-04-12 06:00:00,24.0,10.68951416015625,1.97048583984375,12.66,11.17,9.924444715711806,15.395555284288196,2.7355552842881945,median of 9 current-run overlap point(s),2026-04-12 10:00:00,11.17,12.66,-1.9704858398437501,0.0,-1.4900000000000002,True
2026-04-12 08:20:13.763926,63777,Inaquito,min,Min,mn2t3,2026-04-12 06:00:00,24.0,9.963196,4.259642333984375,14.222838134765624,12.41,8.379859161376952,20.06581710815429,5.842978973388672,median of 8 current-run overlap point(s),2026-04-12 07:00:00,12.41,12.63,-2.666804000000001,1.592838134765623,-0.22000000000000064,True
2026-04-12 08:45:42.159103,63777,Inaquito,min,Min,mn2t3,2026-04-12 06:00:00,24.0,9.96319580078125,4.259642333984375,14.222838134765624,12.39,8.379859161376952,20.06581710815429,5.842978973388672,median of 8 current-run overlap point(s),2026-04-12 07:00:00,12.39,12.63,-2.666804199218751,1.592838134765623,-0.2400000000000002,True
2026-04-12 09:38:22.541613,63777,Inaquito,min,Min,mn2t3,2026-04-12 06:00:00,24.0,9.96319580078125,4.259642333984375,14.222838134765624,12.39,8.379859161376952,20.06581710815429,5.842978973388672,median of 8 current-run overlap point(s),2026-04-12 08:00:00,12.39,12.63,-2.666804199218751,1.592838134765623,-0.2400000000000002,True
2026-04-12 10:30:44.291958,63777,Inaquito,min,Min,mn2t3,2026-04-12 06:00:00,24.0,9.96319580078125,4.197496337890625,14.160692138671877,11.3,8.689231906467013,19.63215237087674,5.471460232204862,median of 9 current-run overlap point(s),2026-04-12 09:00:00,11.3,12.63,-2.666804199218751,1.530692138671876,-1.33,True
2026-04-12 11:27:43.942405,63777,Inaquito,min,Min,mn2t3,2026-04-12 06:00:00,24.0,9.96319580078125,4.197496337890625,14.160692138671877,11.13,8.708120795355903,19.613263481987847,5.452571343315973,median of 9 current-run overlap point(s),2026-04-12 10:00:00,11.13,12.63,-2.666804199218751,1.530692138671876,-1.5,True
2026-04-12 08:20:13.763926,63777,Inaquito,prom,Prom,2t,2026-04-12 06:00:00,24.0,9.980804,4.164150390625,14.144954833984375,12.41,9.957316436767575,18.332593231201173,4.187638397216798,median of 8 current-run overlap point(s),2026-04-12 07:00:00,12.41,12.65,-2.6691960000000012,1.4949548339843748,-0.2400000000000002,True
2026-04-12 08:45:42.159103,63777,Inaquito,prom,Prom,2t,2026-04-12 06:00:00,24.0,9.980804443359377,4.164150390625,14.144954833984375,12.41,9.957316436767575,18.332593231201173,4.187638397216798,median of 8 current-run overlap point(s),2026-04-12 07:00:00,12.41,12.65,-2.6691955566406236,1.4949548339843748,-0.2400000000000002,True
2026-04-12 09:38:22.541613,63777,Inaquito,prom,Prom,2t,2026-04-12 06:00:00,24.0,9.980804443359377,4.164150390625,14.144954833984375,11.32,9.957316436767575,18.332593231201173,4.187638397216798,median of 8 current-run overlap point(s),2026-04-12 08:00:00,11.32,12.65,-2.6691955566406236,1.4949548339843748,-1.33,True
2026-04-12 10:30:44.291958,63777,Inaquito,prom,Prom,2t,2026-04-12 06:00:00,24.0,9.980804443359377,4.005457763671876,13.98626220703125,11.15,10.0229833984375,17.949541015625,3.963278808593751,median of 9 current-run overlap point(s),2026-04-12 09:00:00,11.15,12.65,-2.6691955566406236,1.3362622070312504,-1.5,True
2026-04-12 11:27:43.942405,63777,Inaquito,prom,Prom,2t,2026-04-12 06:00:00,24.0,9.980804443359377,4.005457763671876,13.98626220703125,11.17,10.0229833984375,17.949541015625,3.963278808593751,median of 9 current-run overlap point(s),2026-04-12 10:00:00,11.17,12.65,-2.6691955566406236,1.3362622070312504,-1.4800000000000004,True
2026-04-12 08:20:13.763926,63777,Inaquito,max,Max,mx2t3,2026-04-12 09:00:00,27.0,9.986969,2.1367817934545816,12.123750787595206,12.45,9.19412996850341,15.053371606687003,2.929620819091797,median of 8 current-run overlap point(s),2026-04-12 07:00:00,12.45,11.17,-1.1830309999999997,0.9537507875952063,1.2799999999999994,True
2026-04-12 08:45:42.159103,63777,Inaquito,max,Max,mx2t3,2026-04-12 09:00:00,27.0,9.986968994140623,2.1367817934545816,12.123750787595206,12.43,9.19412996850341,15.053371606687003,2.929620819091797,median of 8 current-run overlap point(s),2026-04-12 07:00:00,12.43,11.17,-1.1830310058593767,0.9537507875952063,1.2599999999999998,True
2026-04-12 09:38:22.541613,63777,Inaquito,max,Max,mx2t3,2026-04-12 09:00:00,27.0,9.986968994140623,2.1969689053764943,12.18393789951712,12.43,9.254317080425322,15.113558718608916,2.929620819091797,median of 8 current-run overlap point(s),2026-04-12 08:00:00,12.43,11.17,-1.1830310058593767,1.0139378995171207,1.2599999999999998,True
2026-04-12 10:30:44.291958,63777,Inaquito,max,Max,mx2t3,2026-04-12 09:00:00,27.0,9.986968994140623,1.97048583984375,11.957454833984375,11.34,9.203010660807292,14.711899007161458,2.7544441731770832,median of 9 current-run overlap point(s),2026-04-12 09:00:00,11.34,11.17,-1.1830310058593767,0.7874548339843752,0.16999999999999993,True
2026-04-12 11:27:43.942405,63777,Inaquito,max,Max,mx2t3,2026-04-12 09:00:00,27.0,9.986968994140623,1.97048583984375,11.957454833984375,11.17,9.22189954969618,14.69301011827257,2.7355552842881945,median of 9 current-run overlap point(s),2026-04-12 10:00:00,11.17,11.17,-1.1830310058593767,0.7874548339843752,0.0,True
2026-04-12 12:40:20.130614,63777,Inaquito,max,Max,mx2t3,2026-04-12 09:00:00,3.0,10.404876708984377,0.7651232910156249,11.17,11.17,9.67,12.67,1.5,median of 1 current-run overlap point(s),2026-04-12 11:00:00,11.17,11.17,-0.7651232910156232,0.0,0.0,True
2026-04-12 13:54:49.730718,63777,Inaquito,max,Max,mx2t3,2026-04-12 09:00:00,3.0,10.404876708984377,2.7337060546875,13.138582763671874,13.95,10.404876708984377,15.872288818359372,2.7337060546875,median of 2 current-run overlap point(s),2026-04-12 13:00:00,13.95,11.17,-0.7651232910156232,1.9685827636718738,2.7799999999999994,True
2026-04-12 14:34:57.255964,63777,Inaquito,max,Max,mx2t3,2026-04-12 09:00:00,3.0,10.404876708984377,2.7337060546875,13.138582763671874,13.95,10.404876708984377,15.872288818359372,2.7337060546875,median of 2 current-run overlap point(s),2026-04-12 13:00:00,13.95,11.17,-0.7651232910156232,1.9685827636718738,2.7799999999999994,True
2026-04-12 15:28:55.650389,63777,Inaquito,max,Max,mx2t3,2026-04-12 09:00:00,3.0,10.404876708984377,1.932442626953124,12.3373193359375,13.95,11.025606201171874,13.649032470703125,1.3117131347656252,historical lead-time bias for 2 lead(s); current fallback from median of 2 current-run overlap point(s),2026-04-12 13:00:00,13.95,11.17,-0.7651232910156232,1.167319335937501,2.7799999999999994,True
2026-04-12 16:28:15.462496,63777,Inaquito,max,Max,mx2t3,2026-04-12 09:00:00,3.0,10.404876708984377,1.932442626953124,12.3373193359375,19.2,10.84949462890625,13.825144042968748,1.4878247070312502,historical lead-time bias for 3 lead(s); current fallback from median of 3 current-run overlap point(s),2026-04-12 15:00:00,19.2,11.17,-0.7651232910156232,1.167319335937501,8.03,True
2026-04-12 17:28:04.783886,63777,Inaquito,max,Max,mx2t3,2026-04-12 09:00:00,3.0,10.404876708984375,1.3487829589843736,11.753659667968748,21.73,10.426087646484373,13.081231689453123,1.3275720214843756,historical lead-time bias for 3 lead(s); current fallback from median of 3 current-run overlap point(s),2026-04-12 16:00:00,21.73,11.17,-0.7651232910156249,0.5836596679687478,10.56,True
2026-04-12 08:20:13.763926,63777,Inaquito,min,Min,mn2t3,2026-04-12 09:00:00,27.0,8.80069,4.029448999988634,12.83013869725426,12.41,6.987159723865587,18.67311767064293,5.842978973388672,median of 8 current-run overlap point(s),2026-04-12 07:00:00,12.41,11.13,-2.3293100000000013,1.7001386972542587,1.2799999999999994,True
2026-04-12 08:45:42.159103,63777,Inaquito,min,Min,mn2t3,2026-04-12 09:00:00,27.0,8.800689697265625,4.029448999988634,12.83013869725426,12.39,6.987159723865587,18.67311767064293,5.842978973388672,median of 8 current-run overlap point(s),2026-04-12 07:00:00,12.39,11.13,-2.329310302734376,1.7001386972542587,1.2599999999999998,True
2026-04-12 09:38:22.541613,63777,Inaquito,min,Min,mn2t3,2026-04-12 09:00:00,27.0,8.800689697265625,4.142947204947535,12.94363690221316,12.39,7.100657928824488,18.786615875601832,5.842978973388672,median of 8 current-run overlap point(s),2026-04-12 08:00:00,12.39,11.13,-2.329310302734376,1.81363690221316,1.2599999999999998,True
2026-04-12 10:30:44.291958,63777,Inaquito,min,Min,mn2t3,2026-04-12 09:00:00,27.0,8.800689697265625,4.197496337890625,12.99818603515625,11.3,7.526725802951388,18.46964626736112,5.471460232204862,median of 9 current-run overlap point(s),2026-04-12 09:00:00,11.3,11.13,-2.329310302734376,1.8681860351562491,0.16999999999999993,True
2026-04-12 11:27:43.942405,63777,Inaquito,min,Min,mn2t3,2026-04-12 09:00:00,27.0,8.800689697265625,4.197496337890625,12.99818603515625,11.13,7.545614691840277,18.450757378472225,5.452571343315973,median of 9 current-run overlap point(s),2026-04-12 10:00:00,11.13,11.13,-2.329310302734376,1.8681860351562491,0.0,True
2026-04-12 12:40:20.130614,63777,Inaquito,min,Min,mn2t3,2026-04-12 09:00:00,3.0,9.272613525390623,1.857386474609376,11.13,11.15,9.272613525390623,12.987386474609377,1.857386474609376,median of 1 current-run overlap point(s),2026-04-12 11:00:00,11.15,11.13,-1.8573864746093776,0.0,0.019999999999999574,True
2026-04-12 13:54:49.730718,63777,Inaquito,min,Min,mn2t3,2026-04-12 09:00:00,3.0,9.272613525390623,4.070490112304688,13.343103637695313,13.85,9.272613525390623,17.41359375,4.070490112304688,median of 2 current-run overlap point(s),2026-04-12 13:00:00,13.85,11.13,-1.8573864746093776,2.213103637695312,2.719999999999999,True
2026-04-12 14:34:57.255964,63777,Inaquito,min,Min,mn2t3,2026-04-12 09:00:00,3.0,9.272613525390623,4.070490112304688,13.343103637695313,13.85,9.272613525390623,17.41359375,4.070490112304688,median of 2 current-run overlap point(s),2026-04-12 13:00:00,13.85,11.13,-1.8573864746093776,2.213103637695312,2.719999999999999,True
2026-04-12 15:28:55.650389,63777,Inaquito,min,Min,mn2t3,2026-04-12 09:00:00,3.0,9.272613525390623,4.197496318945312,13.470109844335935,13.85,12.117389263281249,14.822830425390626,1.3527205810546878,historical lead-time bias for 2 lead(s); current fallback from median of 2 current-run overlap point(s),2026-04-12 13:00:00,13.85,11.13,-1.8573864746093776,2.3401098443359345,2.719999999999999,False
2026-04-12 16:28:15.462496,63777,Inaquito,min,Min,mn2t3,2026-04-12 09:00:00,3.0,9.272613525390623,4.1974963,13.470109825390626,19.06,11.257006187695314,15.683213463085938,2.213103637695312,historical lead-time bias for 3 lead(s); current fallback from median of 3 current-run overlap point(s),2026-04-12 15:00:00,19.06,11.13,-1.8573864746093776,2.340109825390625,7.929999999999998,False
2026-04-12 17:28:04.783886,63777,Inaquito,min,Min,mn2t3,2026-04-12 09:00:00,3.0,9.272613525390625,3.027441387304689,12.300054912695314,21.57,10.06155003746094,14.538559787929689,2.2385048752343746,historical lead-time bias for 3 lead(s); current fallback from median of 3 current-run overlap point(s),2026-04-12 16:00:00,21.57,11.13,-1.8573864746093758,1.1700549126953135,10.44,True
2026-04-12 08:20:13.763926,63777,Inaquito,prom,Prom,2t,2026-04-12 09:00:00,27.0,8.981598,3.939117491963525,12.92071539235415,12.41,8.733076995137353,17.10835378957095,4.187638397216798,median of 8 current-run overlap point(s),2026-04-12 07:00:00,12.41,11.15,-2.1684020000000004,1.77071539235415,1.2599999999999998,True
2026-04-12 08:45:42.159103,63777,Inaquito,prom,Prom,2t,2026-04-12 09:00:00,27.0,8.981597900390625,3.939117491963525,12.92071539235415,12.41,8.733076995137353,17.10835378957095,4.187638397216798,median of 8 current-run overlap point(s),2026-04-12 07:00:00,12.41,11.15,-2.1684020996093754,1.77071539235415,1.2599999999999998,True
2026-04-12 09:38:22.541613,63777,Inaquito,prom,Prom,2t,2026-04-12 09:00:00,27.0,8.981597900390625,4.050071313307666,13.03166921369829,11.32,8.844030816481492,17.219307610915088,4.187638397216798,median of 8 current-run overlap point(s),2026-04-12 08:00:00,11.32,11.15,-2.1684020996093754,1.8816692136982898,0.16999999999999993,True
2026-04-12 10:30:44.291958,63777,Inaquito,prom,Prom,2t,2026-04-12 09:00:00,27.0,8.981597900390625,4.005457763671876,12.9870556640625,11.15,9.02377685546875,16.95033447265625,3.963278808593751,median of 9 current-run overlap point(s),2026-04-12 09:00:00,11.15,11.15,-2.1684020996093754,1.8370556640625004,0.0,True
2026-04-12 11:27:43.942405,63777,Inaquito,prom,Prom,2t,2026-04-12 09:00:00,27.0,8.981597900390625,4.005457763671876,12.9870556640625,11.17,9.02377685546875,16.95033447265625,3.963278808593751,median of 9 current-run overlap point(s),2026-04-12 10:00:00,11.17,11.15,-2.1684020996093754,1.8370556640625004,0.019999999999999574,True
2026-04-12 12:40:20.130614,63777,Inaquito,prom,Prom,2t,2026-04-12 09:00:00,3.0,9.268585205078123,1.881414794921876,11.15,11.16,9.268585205078123,13.031414794921876,1.881414794921876,median of 1 current-run overlap point(s),2026-04-12 11:00:00,11.16,11.15,-1.8814147949218771,0.0,0.009999999999999787,True
2026-04-12 13:54:49.730718,63777,Inaquito,prom,Prom,2t,2026-04-12 09:00:00,3.0,9.268585205078123,3.4779113769531254,12.74649658203125,13.9,9.268585205078123,16.224407958984376,3.4779113769531254,median of 2 current-run overlap point(s),2026-04-12 13:00:00,13.9,11.15,-1.8814147949218771,1.59649658203125,2.75,True
2026-04-12 14:34:57.255964,63777,Inaquito,prom,Prom,2t,2026-04-12 09:00:00,3.0,9.268585205078123,3.4779113769531254,12.74649658203125,17.17,9.268585205078123,16.224407958984376,3.4779113769531254,median of 2 current-run overlap point(s),2026-04-12 13:00:00,17.17,11.15,-1.8814147949218771,1.59649658203125,6.020000000000001,True
2026-04-12 15:28:55.650389,63777,Inaquito,prom,Prom,2t,2026-04-12 09:00:00,3.0,9.268585205078123,4.322843008789063,13.591428213867188,17.17,12.391428213867188,14.791428213867189,1.2,historical lead-time bias for 2 lead(s); current fallback from median of 2 current-run overlap point(s),2026-04-12 13:00:00,17.17,11.15,-1.8814147949218771,2.4414282138671872,6.020000000000001,False
2026-04-12 16:28:15.462496,63777,Inaquito,prom,Prom,2t,2026-04-12 09:00:00,3.0,9.268585205078123,4.322843,13.591428205078124,19.13,11.994931623046874,15.187924787109374,1.59649658203125,historical lead-time bias for 3 lead(s); current fallback from median of 3 current-run overlap point(s),2026-04-12 15:00:00,19.13,11.15,-1.8814147949218771,2.4414282050781235,7.979999999999999,False
2026-04-12 17:28:04.783886,63777,Inaquito,prom,Prom,2t,2026-04-12 09:00:00,3.0,9.268585205078125,3.1021288974609385,12.370714102539063,21.65,10.605231195898439,14.136197009179687,1.7654829066406248,historical lead-time bias for 3 lead(s); current fallback from median of 3 current-run overlap point(s),2026-04-12 16:00:00,21.65,11.15,-1.8814147949218754,1.2207141025390627,10.499999999999998,True
2026-04-12 08:20:13.763926,63777,Inaquito,max,Max,mx2t3,2026-04-12 12:00:00,30.0,8.995758,1.965934154349516,10.96169221099014,12.45,8.032071391898343,13.891313030081935,2.929620819091797,median of 8 current-run overlap point(s),2026-04-12 07:00:00,12.45,13.95,-4.954241999999999,-2.988307789009859,-1.5,False
2026-04-12 08:45:42.159103,63777,Inaquito,max,Max,mx2t3,2026-04-12 12:00:00,30.0,8.995758056640625,1.965934154349516,10.96169221099014,12.43,8.032071391898343,13.891313030081935,2.929620819091797,median of 8 current-run overlap point(s),2026-04-12 07:00:00,12.43,13.95,-4.954241943359374,-2.988307789009859,-1.5199999999999996,False
2026-04-12 09:38:22.541613,63777,Inaquito,max,Max,mx2t3,2026-04-12 12:00:00,30.0,8.995758056640625,2.0213089705059417,11.017067027146568,12.43,8.08744620805477,13.946687846238364,2.929620819091797,median of 8 current-run overlap point(s),2026-04-12 08:00:00,12.43,13.95,-4.954241943359374,-2.932932972853431,-1.5199999999999996,False
2026-04-12 10:30:44.291958,63777,Inaquito,max,Max,mx2t3,2026-04-12 12:00:00,30.0,8.995758056640625,1.8129344910544136,10.808692547695038,11.34,8.054248374517956,13.56313672087212,2.7544441731770832,median of 9 current-run overlap point(s),2026-04-12 09:00:00,11.34,13.95,-4.954241943359374,-3.141307452304961,-2.6099999999999994,False
2026-04-12 11:27:43.942405,63777,Inaquito,max,Max,mx2t3,2026-04-12 12:00:00,30.0,8.995758056640625,1.863999738546896,10.85975779518752,11.17,8.124202510899325,13.595313079475714,2.7355552842881945,median of 9 current-run overlap point(s),2026-04-12 10:00:00,11.17,13.95,-4.954241943359374,-3.09024220481248,-2.7799999999999994,False
2026-04-12 12:40:20.130614,63777,Inaquito,max,Max,mx2t3,2026-04-12 12:00:00,6.0,9.247711181640623,0.7441623383877916,9.991873520028417,11.17,8.491873520028417,11.491873520028417,1.5,median of 1 current-run overlap point(s),2026-04-12 11:00:00,11.17,13.95,-4.702288818359376,-3.9581264799715825,-2.7799999999999994,False
2026-04-12 13:54:49.730718,63777,Inaquito,max,Max,mx2t3,2026-04-12 12:00:00,6.0,9.247711181640623,2.7337060546875,11.981417236328124,13.95,9.247711181640623,14.715123291015622,2.7337060546875,median of 2 current-run overlap point(s),2026-04-12 13:00:00,13.95,13.95,-4.702288818359376,-1.9685827636718756,0.0,True
2026-04-12 14:34:57.255964,63777,Inaquito,max,Max,mx2t3,2026-04-12 12:00:00,6.0,9.247711181640623,2.7337060546875,11.981417236328124,13.95,9.247711181640623,14.715123291015622,2.7337060546875,median of 2 current-run overlap point(s),2026-04-12 13:00:00,13.95,13.95,-4.702288818359376,-1.9685827636718756,0.0,True
2026-04-12 15:28:55.650389,63777,Inaquito,max,Max,mx2t3,2026-04-12 12:00:00,6.0,9.247711181640623,8.173992919921876,17.4217041015625,13.95,11.333543212890625,23.509864990234377,6.088160888671876,historical lead-time bias for 2 lead(s); current fallback from median of 2 current-run overlap point(s),2026-04-12 13:00:00,13.95,13.95,-4.702288818359376,3.4717041015625014,0.0,True
2026-04-12 16:28:15.462496,63777,Inaquito,max,Max,mx2t3,2026-04-12 12:00:00,6.0,9.247711181640623,8.173992919921876,17.4217041015625,19.2,11.39121630859375,23.452191894531254,6.030487792968751,historical lead-time bias for 3 lead(s); current fallback from median of 3 current-run overlap point(s),2026-04-12 15:00:00,19.2,13.95,-4.702288818359376,3.4717041015625014,5.25,True
2026-04-12 17:28:04.783886,63777,Inaquito,max,Max,mx2t3,2026-04-12 12:00:00,6.0,9.247711181640625,6.438140869140626,15.68585205078125,21.73,9.713037353515624,21.658666748046876,5.972814697265626,historical lead-time bias for 3 lead(s); current fallback from median of 3 current-run overlap point(s),2026-04-12 16:00:00,21.73,13.95,-4.702288818359374,1.7358520507812507,7.780000000000001,True
2026-04-12 08:20:13.763926,63777,Inaquito,min,Min,mn2t3,2026-04-12 12:00:00,30.0,7.7165833,3.707272046473255,11.42385529842638,12.41,5.580876325037708,17.266834271815053,5.842978973388672,median of 8 current-run overlap point(s),2026-04-12 07:00:00,12.41,13.85,-6.1334167,-2.4261447015736195,-1.4399999999999995,True
2026-04-12 08:45:42.159103,63777,Inaquito,min,Min,mn2t3,2026-04-12 12:00:00,30.0,7.716583251953125,3.707272046473255,11.42385529842638,12.39,5.580876325037708,17.266834271815053,5.842978973388672,median of 8 current-run overlap point(s),2026-04-12 07:00:00,12.39,13.85,-6.133416748046875,-2.4261447015736195,-1.459999999999999,True
2026-04-12 09:38:22.541613,63777,Inaquito,min,Min,mn2t3,2026-04-12 12:00:00,30.0,7.716583251953125,3.8116954360161457,11.528278687969271,12.39,5.685299714580599,17.371257661357944,5.842978973388672,median of 8 current-run overlap point(s),2026-04-12 08:00:00,12.39,13.85,-6.133416748046875,-2.3217213120307285,-1.459999999999999,True
2026-04-12 10:30:44.291958,63777,Inaquito,min,Min,mn2t3,2026-04-12 12:00:00,30.0,7.716583251953125,3.861883061103309,11.578466313056431,11.3,6.107006080851571,17.049926545261293,5.471460232204862,median of 9 current-run overlap point(s),2026-04-12 09:00:00,11.3,13.85,-6.133416748046875,-2.2715336869435685,-2.549999999999999,True
2026-04-12 11:27:43.942405,63777,Inaquito,min,Min,mn2t3,2026-04-12 12:00:00,30.0,7.716583251953125,3.970661406529109,11.687244658482234,11.13,6.234673315166261,17.139816001798206,5.452571343315973,median of 9 current-run overlap point(s),2026-04-12 10:00:00,11.13,13.85,-6.133416748046875,-2.162755341517766,-2.719999999999999,True
2026-04-12 12:40:20.130614,63777,Inaquito,min,Min,mn2t3,2026-04-12 12:00:00,6.0,7.56640625,1.8065024009404296,9.37290865094043,11.15,7.515522176331054,11.230295125549803,1.857386474609376,median of 1 current-run overlap point(s),2026-04-12 11:00:00,11.15,13.85,-6.28359375,-4.47709134905957,-2.6999999999999993,False
2026-04-12 13:54:49.730718,63777,Inaquito,min,Min,mn2t3,2026-04-12 12:00:00,6.0,7.56640625,4.070490112304688,11.636896362304688,13.85,7.56640625,15.707386474609375,4.070490112304688,median of 2 current-run overlap point(s),2026-04-12 13:00:00,13.85,13.85,-6.28359375,-2.213103637695312,0.0,True
2026-04-12 14:34:57.255964,63777,Inaquito,min,Min,mn2t3,2026-04-12 12:00:00,6.0,7.56640625,4.070490112304688,11.636896362304688,13.85,7.56640625,15.707386474609375,4.070490112304688,median of 2 current-run overlap point(s),2026-04-12 13:00:00,13.85,13.85,-6.28359375,-2.213103637695312,0.0,True
2026-04-12 15:28:55.650389,63777,Inaquito,min,Min,mn2t3,2026-04-12 12:00:00,6.0,7.56640625,9.249093008789064,16.815499258789064,13.85,11.788760977539065,21.842237540039065,5.026738281250001,historical lead-time bias for 2 lead(s); current fallback from median of 2 current-run overlap point(s),2026-04-12 13:00:00,13.85,13.85,-6.28359375,2.9654992587890643,0.0,True
2026-04-12 16:28:15.462496,63777,Inaquito,min,Min,mn2t3,2026-04-12 12:00:00,6.0,7.56640625,9.249093000000002,16.815499250000002,19.06,11.80119016796875,21.829808332031256,5.014309082031252,historical lead-time bias for 3 lead(s); current fallback from median of 3 current-run overlap point(s),2026-04-12 15:00:00,19.06,13.85,-6.28359375,2.9654992500000024,5.209999999999999,True
2026-04-12 17:28:04.783886,63777,Inaquito,min,Min,mn2t3,2026-04-12 12:00:00,6.0,7.56640625,7.766343375000001,15.332749625000002,21.57,10.330869742187499,20.334629507812505,5.001879882812502,historical lead-time bias for 3 lead(s); current fallback from median of 3 current-run overlap point(s),2026-04-12 16:00:00,21.57,13.85,-6.28359375,1.482749625000002,7.720000000000001,True
2026-04-12 08:20:13.763926,63777,Inaquito,prom,Prom,2t,2026-04-12 12:00:00,30.0,8.937714,3.624163047049709,12.561876670096584,12.41,8.374238272879786,16.749515067313382,4.187638397216798,median of 8 current-run overlap point(s),2026-04-12 07:00:00,12.41,13.9,-4.962286000000001,-1.338123329903416,-1.4900000000000002,True
2026-04-12 08:45:42.159103,63777,Inaquito,prom,Prom,2t,2026-04-12 12:00:00,30.0,8.937713623046875,3.624163047049709,12.561876670096584,12.41,8.374238272879786,16.749515067313382,4.187638397216798,median of 8 current-run overlap point(s),2026-04-12 07:00:00,12.41,13.9,-4.962286376953125,-1.338123329903416,-1.4900000000000002,True
2026-04-12 09:38:22.541613,63777,Inaquito,prom,Prom,2t,2026-04-12 12:00:00,30.0,8.937713623046875,3.726245490659166,12.663959113706042,11.32,8.476320716489244,16.85159751092284,4.187638397216798,median of 8 current-run overlap point(s),2026-04-12 08:00:00,11.32,13.9,-4.962286376953125,-1.2360408862939583,-2.58,True
2026-04-12 10:30:44.291958,63777,Inaquito,prom,Prom,2t,2026-04-12 12:00:00,30.0,8.937713623046875,3.685199043499969,12.622912666546844,11.15,8.659633857953093,16.586191475140595,3.963278808593751,median of 9 current-run overlap point(s),2026-04-12 09:00:00,11.15,13.9,-4.962286376953125,-1.2770873334531565,-2.75,True
2026-04-12 11:27:43.942405,63777,Inaquito,prom,Prom,2t,2026-04-12 12:00:00,30.0,8.937713623046875,3.789000698851528,12.726714321898402,11.17,8.763435513304652,16.689993130492155,3.963278808593751,median of 9 current-run overlap point(s),2026-04-12 10:00:00,11.17,13.9,-4.962286376953125,-1.173285678101598,-2.7300000000000004,True
2026-04-12 12:40:20.130614,63777,Inaquito,prom,Prom,2t,2026-04-12 12:00:00,6.0,8.825592041015625,1.8298724528539525,10.655464493869577,11.16,8.774049698947701,12.536879288791452,1.881414794921876,median of 1 current-run overlap point(s),2026-04-12 11:00:00,11.16,13.9,-5.074407958984375,-3.2445355061304237,-2.74,False
2026-04-12 13:54:49.730718,63777,Inaquito,prom,Prom,2t,2026-04-12 12:00:00,6.0,8.825592041015625,3.4779113769531254,12.30350341796875,13.9,8.825592041015625,15.781414794921876,3.4779113769531254,median of 2 current-run overlap point(s),2026-04-12 13:00:00,13.9,13.9,-5.074407958984375,-1.59649658203125,0.0,True
2026-04-12 14:34:57.255964,63777,Inaquito,prom,Prom,2t,2026-04-12 12:00:00,6.0,8.825592041015625,3.4779113769531254,12.30350341796875,17.17,8.825592041015625,15.781414794921876,3.4779113769531254,median of 2 current-run overlap point(s),2026-04-12 13:00:00,17.17,13.9,-5.074407958984375,-1.59649658203125,3.2700000000000014,True
2026-04-12 15:28:55.650389,63777,Inaquito,prom,Prom,2t,2026-04-12 12:00:00,6.0,8.825592041015625,7.541585693359377,16.367177734375,17.17,12.894526855468747,19.83982861328125,3.472650878906252,historical lead-time bias for 2 lead(s); current fallback from median of 2 current-run overlap point(s),2026-04-12 13:00:00,17.17,13.9,-5.074407958984375,2.467177734375001,3.2700000000000014,True
2026-04-12 16:28:15.462496,63777,Inaquito,prom,Prom,2t,2026-04-12 12:00:00,6.0,8.825592041015625,7.541585693359377,16.367177734375,19.13,12.926265380859371,19.80809008789063,3.4409123535156274,historical lead-time bias for 3 lead(s); current fallback from median of 3 current-run overlap point(s),2026-04-12 15:00:00,19.13,13.9,-5.074407958984375,2.467177734375001,5.229999999999999,True
2026-04-12 17:28:04.783886,63777,Inaquito,prom,Prom,2t,2026-04-12 12:00:00,6.0,8.825592041015625,6.307996826171876,15.133588867187502,21.65,11.7244150390625,18.542762695312504,3.409173828125003,historical lead-time bias for 3 lead(s); current fallback from median of 3 current-run overlap point(s),2026-04-12 16:00:00,21.65,13.9,-5.074407958984375,1.2335888671875015,7.749999999999998,True
2026-04-12 08:20:13.763926,63777,Inaquito,max,Max,mx2t3,2026-04-12 15:00:00,33.0,17.154816,1.8087467382382945,18.96356241206642,12.45,16.03394159297462,21.89318323115822,2.929620819091797,median of 8 current-run overlap point(s),2026-04-12 07:00:00,12.45,20.8,-3.6451840000000004,-1.836437587933581,-8.350000000000001,True
2026-04-12 08:45:42.159103,63777,Inaquito,max,Max,mx2t3,2026-04-12 15:00:00,33.0,17.154815673828125,1.8087467382382945,18.96356241206642,12.43,16.03394159297462,21.89318323115822,2.929620819091797,median of 8 current-run overlap point(s),2026-04-12 07:00:00,12.43,20.8,-3.6451843261718757,-1.836437587933581,-8.370000000000001,True
2026-04-12 09:38:22.541613,63777,Inaquito,max,Max,mx2t3,2026-04-12 15:00:00,33.0,17.154815673828125,1.8596940285541392,19.014509702382263,12.43,16.084888883290468,21.94413052147405,2.929620819091797,median of 8 current-run overlap point(s),2026-04-12 08:00:00,12.43,20.8,-3.6451843261718757,-1.7854902976177378,-8.370000000000001,True
2026-04-12 10:30:44.291958,63777,Inaquito,max,Max,mx2t3,2026-04-12 15:00:00,33.0,17.154815673828125,1.667980252583468,18.8227959264116,11.34,16.06835175323451,21.57724009958868,2.7544441731770832,median of 9 current-run overlap point(s),2026-04-12 09:00:00,11.34,20.8,-3.6451843261718757,-1.9772040735883998,-9.46,True
2026-04-12 11:27:43.942405,63777,Inaquito,max,Max,mx2t3,2026-04-12 15:00:00,33.0,17.154815673828125,1.71496254832059,18.86977822214872,11.17,16.13422293786052,21.605333506436907,2.7355552842881945,median of 9 current-run overlap point(s),2026-04-12 10:00:00,11.17,20.8,-3.6451843261718757,-1.9302217778512798,-9.63,True
2026-04-12 12:40:20.130614,63777,Inaquito,max,Max,mx2t3,2026-04-12 15:00:00,9.0,17.161102294921875,0.6846624030111841,17.84576469793306,11.17,16.34576469793306,19.34576469793306,1.5,median of 1 current-run overlap point(s),2026-04-12 11:00:00,11.17,20.8,-3.6388977050781257,-2.954235302066941,-9.63,False
2026-04-12 13:54:49.730718,63777,Inaquito,max,Max,mx2t3,2026-04-12 15:00:00,9.0,17.161102294921875,2.5859751276393963,19.747077422561272,13.95,17.013371367873773,22.48078347724877,2.7337060546875,median of 2 current-run overlap point(s),2026-04-12 13:00:00,13.95,20.8,-3.6388977050781257,-1.0529225774387285,-6.850000000000001,True
2026-04-12 14:34:57.255964,63777,Inaquito,max,Max,mx2t3,2026-04-12 15:00:00,9.0,17.161102294921875,2.5859751276393963,19.747077422561272,13.95,17.013371367873773,22.48078347724877,2.7337060546875,median of 2 current-run overlap point(s),2026-04-12 13:00:00,13.95,20.8,-3.6388977050781257,-1.0529225774387285,-6.850000000000001,True
2026-04-12 15:28:55.650389,63777,Inaquito,max,Max,mx2t3,2026-04-12 15:00:00,9.0,17.161102294921875,2.5859751276393963,19.747077422561272,13.95,17.013371367873773,22.48078347724877,2.7337060546875,historical lead-time bias for 2 lead(s); current fallback from median of 2 current-run overlap point(s),2026-04-12 13:00:00,13.95,20.8,-3.6388977050781257,-1.0529225774387285,-6.850000000000001,True
2026-04-12 16:28:15.462496,63777,Inaquito,max,Max,mx2t3,2026-04-12 15:00:00,9.0,17.161102294921875,4.805816650390623,21.9669189453125,19.2,19.304607421875,24.62923046875,2.6623115234374994,historical lead-time bias for 3 lead(s); current fallback from median of 3 current-run overlap point(s),2026-04-12 15:00:00,19.2,20.8,-3.6388977050781257,1.1669189453124993,-1.6000000000000014,True
2026-04-12 17:28:04.783886,63777,Inaquito,max,Max,mx2t3,2026-04-12 15:00:00,9.0,17.161102294921875,4.2223571777343745,21.38345947265625,21.73,18.548128662109374,24.218790283203123,2.835330810546875,historical lead-time bias for 3 lead(s); current fallback from median of 3 current-run overlap point(s),2026-04-12 16:00:00,21.73,20.8,-3.6388977050781257,0.5834594726562479,0.9299999999999997,True
2026-04-12 08:20:13.763926,63777,Inaquito,min,Min,mn2t3,2026-04-12 15:00:00,33.0,8.924713,3.410854939869139,12.335568074634764,12.41,6.492589101246092,18.17854704802344,5.842978973388672,median of 8 current-run overlap point(s),2026-04-12 07:00:00,12.41,20.66,-11.735287,-8.324431925365236,-8.25,False
2026-04-12 08:45:42.159103,63777,Inaquito,min,Min,mn2t3,2026-04-12 15:00:00,33.0,8.924713134765625,3.410854939869139,12.335568074634764,12.39,6.492589101246092,18.17854704802344,5.842978973388672,median of 8 current-run overlap point(s),2026-04-12 07:00:00,12.39,20.66,-11.735286865234375,-8.324431925365236,-8.27,False
2026-04-12 09:38:22.541613,63777,Inaquito,min,Min,mn2t3,2026-04-12 15:00:00,33.0,8.924713134765625,3.506929096174737,12.431642230940362,12.39,6.58866325755169,18.27462120432904,5.842978973388672,median of 8 current-run overlap point(s),2026-04-12 08:00:00,12.39,20.66,-11.735286865234375,-8.228357769059638,-8.27,False
2026-04-12 10:30:44.291958,63777,Inaquito,min,Min,mn2t3,2026-04-12 15:00:00,33.0,8.924713134765625,3.5531039403196925,12.477817075085316,11.3,7.006356842880456,17.94927730729018,5.471460232204862,median of 9 current-run overlap point(s),2026-04-12 09:00:00,11.3,20.66,-11.735286865234375,-8.182182924914684,-9.36,False
2026-04-12 11:27:43.942405,63777,Inaquito,min,Min,mn2t3,2026-04-12 15:00:00,33.0,8.924713134765625,3.653184849461319,12.577897984226944,11.13,7.125326640910971,18.03046932754292,5.452571343315973,median of 9 current-run overlap point(s),2026-04-12 10:00:00,11.13,20.66,-11.735286865234375,-8.082102015773057,-9.53,False
2026-04-12 12:40:20.130614,63777,Inaquito,min,Min,mn2t3,2026-04-12 15:00:00,9.0,8.823333740234375,1.6620624439997047,10.48539618423408,11.15,8.628009709624704,12.342782658843456,1.857386474609376,median of 1 current-run overlap point(s),2026-04-12 11:00:00,11.15,20.66,-11.836666259765625,-10.17460381576592,-9.51,False
2026-04-12 13:54:49.730718,63777,Inaquito,min,Min,mn2t3,2026-04-12 15:00:00,9.0,8.823333740234375,3.8505186648259824,12.673852405060355,13.85,8.60336229275567,16.744342517365045,4.070490112304688,median of 2 current-run overlap point(s),2026-04-12 13:00:00,13.85,20.66,-11.836666259765625,-7.986147594939645,-6.8100000000000005,False
2026-04-12 14:34:57.255964,63777,Inaquito,min,Min,mn2t3,2026-04-12 15:00:00,9.0,8.823333740234375,3.8505186648259824,12.673852405060355,13.85,8.60336229275567,16.744342517365045,4.070490112304688,median of 2 current-run overlap point(s),2026-04-12 13:00:00,13.85,20.66,-11.836666259765625,-7.986147594939645,-6.8100000000000005,False
2026-04-12 15:28:55.650389,63777,Inaquito,min,Min,mn2t3,2026-04-12 15:00:00,9.0,8.823333740234375,3.8505186648259824,12.673852405060355,13.85,8.60336229275567,16.744342517365045,4.070490112304688,historical lead-time bias for 2 lead(s); current fallback from median of 2 current-run overlap point(s),2026-04-12 13:00:00,13.85,20.66,-11.836666259765625,-7.986147594939645,-6.8100000000000005,False
2026-04-12 16:28:15.462496,63777,Inaquito,min,Min,mn2t3,2026-04-12 15:00:00,9.0,8.823333740234375,12.126794000000002,20.95012774023438,19.06,13.020829644531254,28.879425835937504,7.929298095703125,historical lead-time bias for 3 lead(s); current fallback from median of 3 current-run overlap point(s),2026-04-12 15:00:00,19.06,20.66,-11.836666259765625,0.2901277402343787,-1.6000000000000014,True
2026-04-12 17:28:04.783886,63777,Inaquito,min,Min,mn2t3,2026-04-12 15:00:00,9.0,8.823333740234375,11.981730129882813,20.805063870117188,21.57,12.818916275177543,28.791211465056833,7.986147594939645,historical lead-time bias for 3 lead(s); current fallback from median of 3 current-run overlap point(s),2026-04-12 16:00:00,21.57,20.66,-11.836666259765625,0.14506387011718758,0.9100000000000001,True
2026-04-12 08:20:13.763926,63777,Inaquito,prom,Prom,2t,2026-04-12 15:00:00,33.0,17.40628,3.3343909691440743,20.7406714867222,12.41,16.5530330895054,24.928309883939,4.187638397216798,median of 8 current-run overlap point(s),2026-04-12 07:00:00,12.41,20.73,-3.3237200000000016,0.010671486722198864,-8.32,True
2026-04-12 08:45:42.159103,63777,Inaquito,prom,Prom,2t,2026-04-12 15:00:00,33.0,17.406280517578125,3.3343909691440743,20.7406714867222,12.41,16.5530330895054,24.928309883939,4.187638397216798,median of 8 current-run overlap point(s),2026-04-12 07:00:00,12.41,20.73,-3.3237194824218754,0.010671486722198864,-8.32,True
2026-04-12 09:38:22.541613,63777,Inaquito,prom,Prom,2t,2026-04-12 15:00:00,33.0,17.406280517578125,3.428311351218668,20.834591868796792,11.32,16.646953471579994,25.02223026601359,4.187638397216798,median of 8 current-run overlap point(s),2026-04-12 08:00:00,11.32,20.73,-3.3237194824218754,0.10459186879679194,-9.41,True
2026-04-12 10:30:44.291958,63777,Inaquito,prom,Prom,2t,2026-04-12 15:00:00,33.0,17.406280517578125,3.390546796769472,20.796827314347595,11.15,16.833548505753846,24.760106122941345,3.963278808593751,median of 9 current-run overlap point(s),2026-04-12 09:00:00,11.15,20.73,-3.3237194824218754,0.06682731434759503,-9.58,True
2026-04-12 11:27:43.942405,63777,Inaquito,prom,Prom,2t,2026-04-12 15:00:00,33.0,17.406280517578125,3.48604893000495,20.89232944758308,11.17,16.929050638989324,24.85560825617683,3.963278808593751,median of 9 current-run overlap point(s),2026-04-12 10:00:00,11.17,20.73,-3.3237194824218754,0.16232944758307966,-9.56,True
2026-04-12 12:40:20.130614,63777,Inaquito,prom,Prom,2t,2026-04-12 15:00:00,9.0,17.4527587890625,1.6835639297323386,19.13632271879484,11.16,17.254907923872963,21.01773751371671,1.881414794921876,median of 1 current-run overlap point(s),2026-04-12 11:00:00,11.16,20.73,-3.2772412109375004,-1.59367728120516,-9.57,True
2026-04-12 13:54:49.730718,63777,Inaquito,prom,Prom,2t,2026-04-12 15:00:00,9.0,17.4527587890625,3.289963199047376,20.742721988109874,13.9,17.264810611156747,24.220633365063,3.4779113769531254,median of 2 current-run overlap point(s),2026-04-12 13:00:00,13.9,20.73,-3.2772412109375004,0.012721988109873905,-6.83,True
2026-04-12 14:34:57.255964,63777,Inaquito,prom,Prom,2t,2026-04-12 15:00:00,9.0,17.4527587890625,3.289963199047376,20.742721988109874,17.17,17.264810611156747,24.220633365063,3.4779113769531254,median of 2 current-run overlap point(s),2026-04-12 13:00:00,17.17,20.73,-3.2772412109375004,0.012721988109873905,-3.5599999999999987,True
2026-04-12 15:28:55.650389,63777,Inaquito,prom,Prom,2t,2026-04-12 15:00:00,9.0,17.4527587890625,3.289963199047376,20.742721988109874,17.17,17.264810611156747,24.220633365063,3.4779113769531254,historical lead-time bias for 2 lead(s); current fallback from median of 2 current-run overlap point(s),2026-04-12 13:00:00,17.17,20.73,-3.2772412109375004,0.012721988109873905,-3.5599999999999987,True
2026-04-12 16:28:15.462496,63777,Inaquito,prom,Prom,2t,2026-04-12 15:00:00,9.0,17.4527587890625,4.467119140625002,21.9198779296875,19.13,20.307155941577623,23.532599917797377,1.612721988109875,historical lead-time bias for 3 lead(s); current fallback from median of 3 current-run overlap point(s),2026-04-12 15:00:00,19.13,20.73,-3.2772412109375004,1.1898779296875013,-1.6000000000000014,True
2026-04-12 17:28:04.783886,63777,Inaquito,prom,Prom,2t,2026-04-12 15:00:00,9.0,17.4527587890625,3.872180175781251,21.324938964843753,21.65,20.124938964843754,22.524938964843752,1.2,historical lead-time bias for 3 lead(s); current fallback from median of 3 current-run overlap point(s),2026-04-12 16:00:00,21.65,20.73,-3.2772412109375004,0.5949389648437524,0.9199999999999982,True
