valid_time,ecmwf_max_c,ecmwf_prom_c,ecmwf_min_c,lead_hours,wrf_temp_c,wrf_init_time,forecast_max_c,bias_correction_max_c,persistence_max_c,climatology_max_c,correction_method_max,uncertainty_max_c,forecast_max_lower_c,forecast_max_upper_c,forecast_prom_c,bias_correction_prom_c,persistence_prom_c,climatology_prom_c,correction_method_prom,uncertainty_prom_c,forecast_prom_lower_c,forecast_prom_upper_c,forecast_min_c,bias_correction_min_c,persistence_min_c,climatology_min_c,correction_method_min,uncertainty_min_c,forecast_min_lower_c,forecast_min_upper_c,is_operational_forecast
2026-10-10 09:00:00,10.482147,9.3697815,9.394989,3.0,12.778009033203148,2026-10-10 05:00:00,13.756118773162418,3.2739715563655434,20.62,12.991666666666667,mos,1.2,12.556118773162419,14.956118773162418,14.081715529290685,4.71193403515006,18.74,12.469,mos,1.238799560521247,12.842915968769438,15.320515089811932,14.395417460491181,5.000428446819306,18.72,12.434666666666667,mos,1.2,13.195417460491182,15.59541746049118,False
2026-10-10 12:00:00,10.352722,10.629303,8.89743,6.0,12.899285888671898,2026-10-10 05:00:00,15.053983562455217,4.701261394486467,20.62,14.616333333333333,mos,1.2,13.853983562455218,16.25398356245522,15.538692158446143,4.909389179930518,18.74,14.584333333333332,mos,1.2,14.338692158446143,16.738692158446142,14.45592113286703,5.558490712945154,18.72,12.269666666666668,mos,1.2,13.25592113286703,15.655921132867029,False
2026-10-10 15:00:00,16.973053,17.118988,10.620087,9.0,16.162591552734398,2026-10-10 05:00:00,20.78861143948088,3.8155584609652564,20.62,20.64448275862069,mos_anomaly,1.3706436974453382,19.417967742035543,22.15925513692622,20.548697746928973,3.4297097098195977,18.74,20.51033333333333,mos_anomaly,1.431576157330816,19.117121589598156,21.98027390425979,17.50873780815414,6.888651138232266,18.72,17.09551724137931,mos,1.3010797677437962,16.207658040410344,18.809817575897938,False
2026-10-10 18:00:00,18.962585,19.028717,16.636444,12.0,19.578729248046898,2026-10-10 05:00:00,22.086820673765466,3.124235224546716,20.62,22.496,mos,1.4867551690786436,20.60006550468682,23.57357584284411,21.705679499314346,2.6769624582987213,18.74,21.741666666666667,mos,1.7093365571197607,19.996342942194584,23.41501605643411,21.051170191027715,4.41472609923084,18.72,21.058333333333334,mos,1.4663377536956899,19.584832437332025,22.517507944723405,False
2026-10-10 21:00:00,19.049591,14.221008,14.497467,15.0,19.084161376953148,2026-10-10 05:00:00,20.730947361685136,1.6813562972320106,20.62,21.028666666666666,mos,1.8290978392463009,18.901849522438834,22.560045200931437,17.295919280898644,3.0749109801173944,18.74,18.251666666666665,mos,1.788748694624382,15.507170586274263,19.084667975523026,17.229546609705412,2.7320795686897874,18.72,18.152,mos,2.0474236070947387,15.182123002610673,19.27697021680015,False
2026-10-11 00:00:00,14.240753,11.862152,11.846008,18.0,13.760614013671898,2026-10-10 05:00:00,15.436736633885134,1.1959834600570094,20.62,16.999333333333333,mos,1.7384781097190187,13.698258524166116,17.175214743604155,15.241273181616526,3.379121082007151,18.74,15.292,mos,1.2,14.041273181616527,16.441273181616527,15.266094372083726,3.4200860713024763,18.72,15.201666666666666,mos,1.2,14.066094372083727,16.466094372083727,True
2026-10-11 03:00:00,11.964355,11.382141,11.268402,21.0,12.908258056640648,2026-10-10 05:00:00,14.679698004905662,2.715342536155662,20.62,14.802,mos,1.2,13.479698004905663,15.879698004905661,14.643481581746924,3.261340468465674,18.74,14.059,mos,1.2,13.443481581746925,15.843481581746923,14.742688185542503,3.4742860859331284,18.72,14.021999999999998,mos,1.2,13.542688185542504,15.942688185542503,True
2026-10-11 06:00:00,11.371002,10.155853,10.163391,24.0,12.657708740234398,2026-10-10 05:00:00,14.00402027410303,2.6330180768374056,20.62,13.762,mos,1.2,12.804020274103031,15.20402027410303,14.23044203446736,4.074588762982986,18.74,13.220666666666666,mos,1.2,13.030442034467361,15.43044203446736,14.106865651861476,3.943474538580226,18.72,13.161333333333333,mos,1.2,12.906865651861477,15.306865651861475,True
2026-10-11 09:00:00,10.611755,10.687103,10.030853,27.0,12.677423095703148,2026-10-10 05:00:00,13.603484228946737,2.991728857852987,20.62,12.991666666666667,mos,1.2,12.403484228946738,14.803484228946736,14.044332382798334,3.357229111313959,18.74,12.469,mos,1.238799560521247,12.805532822277087,15.283131943319582,14.002141431719728,3.9712881602353534,18.72,12.434666666666667,mos,1.2,12.802141431719729,15.202141431719728,True
2026-10-11 12:00:00,11.046234,11.302948,9.853821,30.0,12.675683593750023,2026-10-10 05:00:00,14.946896428876585,3.9006622980172097,20.62,14.616333333333333,mos,1.2,13.746896428876585,16.146896428876584,15.362357635857382,4.059409637810507,18.74,14.584333333333332,mos,1.2,14.162357635857383,16.56235763585738,13.879978244117945,4.026157443336695,18.72,12.269666666666668,mos,1.2,12.679978244117946,15.079978244117944,True
2026-10-11 15:00:00,17.562164,17.774689,11.308655,33.0,16.436120605468773,2026-10-10 05:00:00,21.100806235968754,3.5386419293281293,20.62,20.64448275862069,mos_anomaly,1.3706436974453382,19.730162538523416,22.471449933414092,20.93476189193601,3.1600731712328844,18.74,20.51033333333333,mos_anomaly,1.431576157330816,19.503185734605193,22.366338049266826,17.3901273373593,6.081472552203049,18.72,17.09551724137931,mos,1.3010797677437962,16.089047569615502,18.691207105103096,True
2026-10-11 18:00:00,19.161957,19.045898,17.718933,36.0,19.075280761718773,2026-10-10 05:00:00,22.121794059529222,2.959837272419847,20.62,22.496,mos,1.4867551690786436,20.635038890450577,23.608549228607867,21.674697557625546,2.628799120125546,18.74,21.741666666666667,mos,1.7093365571197607,19.965361000505784,23.384034114745308,21.954192519364376,4.235259413895626,18.72,21.058333333333334,mos,1.4663377536956899,20.487854765668686,23.420530273060066,True
2026-10-11 21:00:00,19.045898,13.30722,13.206085,39.0,17.337640380859398,2026-10-10 05:00:00,20.604170754140853,1.5582723166408528,20.62,21.028666666666666,mos,1.8290978392463009,18.77507291489455,22.433268593387155,16.541447271383284,3.2342268123989086,18.74,18.251666666666665,mos,1.788748694624382,14.752698576758903,18.330195966007665,16.275388728428958,3.0693035233508326,18.72,18.152,mos,2.0474236070947387,14.227965121334218,18.322812335523697,True
2026-10-12 00:00:00,13.333374,11.881195,11.578278,42.0,12.918756103515648,2026-10-10 05:00:00,14.97248526666358,1.6391112432260808,20.62,16.999333333333333,mos,1.7384781097190187,13.234007156944562,16.7109633763826,15.00290212911937,3.121707060759995,18.74,15.292,mos,1.2,13.80290212911937,16.20290212911937,14.879739571040158,3.301461983149533,18.72,15.201666666666666,mos,1.2,13.679739571040159,16.079739571040157,True
2026-10-12 03:00:00,12.017883,11.621399,11.568695,45.0,12.204492187500023,2026-10-10 05:00:00,14.583298316280631,2.565415015499381,20.62,14.802,mos,1.2,13.383298316280632,15.78329831628063,14.43083217445852,2.8094332486772693,18.74,14.059,mos,1.2,13.23083217445852,15.630832174458519,14.5042117694721,2.935516701112725,18.72,14.021999999999998,mos,1.2,13.3042117694721,15.7042117694721,True
2026-10-12 06:00:00,11.601959,10.337128,10.371399,48.0,11.641442871093773,2026-10-10 05:00:00,13.991061580302226,2.389102351786601,20.62,13.762,mos,1.2,12.791061580302227,15.191061580302225,13.849200059630427,3.5120723740835516,18.74,13.220666666666666,mos,1.2,12.649200059630427,15.049200059630426,13.752065282412184,3.3806663566309343,18.72,13.161333333333333,mos,1.2,12.552065282412185,14.952065282412184,True
