target,target_label,lead_hour,sample_count,forecast_bias_c,forecast_mae_c,forecast_rmse_c,raw_bias_c,raw_mae_c,raw_rmse_c,persistence_mae_c,coverage_rate,mae_improvement_vs_raw_c,mae_improvement_vs_persistence_c
max,Max,9,18,0.15608723958333293,0.8595305718315972,1.0321995325721858,-3.5359212239583337,3.5359212239583337,3.685247381222281,6.242222222222223,0.6666666666666666,2.6763906521267367,5.382691650390625
max,Max,12,41,0.012491901676830374,0.8073997534775148,1.0145554774318948,-2.1119603003525156,2.1119603003525156,2.3104413095181395,4.974390243902438,0.7560975609756098,1.3045605468750008,4.166990490424924
max,Max,15,69,-0.07775053604789328,1.1046155935093975,1.3607614091916986,-1.1643829787986872,1.4176606551460604,1.7123755747614415,3.0904347826086958,0.855072463768116,0.3130450616366629,1.9858191890992982
max,Max,18,108,-0.7743443524395964,1.439641096327039,1.8488864545692414,0.059105744538483315,1.3966489890769676,1.6744235167487258,3.7161111111111116,0.6296296296296297,-0.04299210725007141,2.2764700147840724
max,Max,21,138,-0.48748070758322,1.4541615627122964,1.690515297932683,-0.8271011927507924,1.3499720918959468,1.6643773354490194,4.91695652173913,0.6594202898550725,-0.10418947081634955,3.4627949590268337
max,Max,24,145,0.08430993231411761,0.7060387846848069,0.9470625692033178,-1.7432987607758612,1.7803855738146546,1.9653521649391437,5.680620689655173,0.8482758620689655,1.0743467891298477,4.974581904970366
max,Max,27,162,0.3017831835334681,0.6770821050950037,0.911140416060832,-2.383650927131559,2.3836509271315585,2.5350964109937237,5.788827160493827,0.9382716049382716,1.7065688220365547,5.111745055398823
max,Max,30,174,0.46792860710757944,0.8173909014120875,1.0277931304697279,-4.30589023633935,4.30589023633935,4.407108406604791,4.291436781609195,0.8793103448275862,3.488499334927262,3.4740458801971075
max,Max,33,171,0.08175086662783317,0.7415434042055007,0.9476050919738522,-3.5933212405199195,3.5933212405199195,3.707963032318233,3.4187719298245614,0.8128654970760234,2.851777836314419,2.6772285256190607
max,Max,36,183,0.11444770187628288,0.9913451481386614,1.2446080460115343,-1.9795392145876032,2.0194568871670087,2.308643887119221,4.406666666666666,0.7923497267759563,1.0281117390283474,3.415321518528005
max,Max,39,183,-0.05297101463776351,1.3445709895566513,1.6155267585913367,-0.8472769515240782,1.4524163117955944,1.7499481797210723,3.9081967213114757,0.6612021857923497,0.10784532223894305,2.5636257317548243
max,Max,42,182,-1.4076918583125855,2.2294516963749142,2.6614151112065585,-0.36853358006739423,2.001296192211109,2.2967676966446087,3.3455494505494503,0.6483516483516484,-0.22815550416380503,1.116097754174536
max,Max,45,182,-0.5371998579423493,1.4912348787077176,1.6698568457442682,-1.4115158047518885,1.8334258429558725,2.150235154140165,4.136813186813186,0.7362637362637363,0.34219096424815487,2.6455783081054687
max,Max,48,182,0.21910904769059125,0.7342778266655221,0.9726617679119648,-1.8655398458962906,1.9296368072845123,2.0858747963841706,4.825934065934067,0.8516483516483516,1.1953589806189902,4.091656239268545
min,Min,9,18,0.22754367404513923,0.982034573025174,1.2708731268300284,-6.355645819769965,6.355645819769965,6.476975489260844,4.960555555555555,0.7222222222222222,5.37361124674479,3.9785209825303807
min,Min,12,41,0.42934708758098344,1.0665031768054494,1.3121944679604018,-3.799329893530869,3.7993298935308695,4.012363199940818,6.625365853658536,0.6341463414634146,2.73282671672542,5.558862676853087
min,Min,15,69,-0.5865029862998185,1.2816802890058878,1.6627866825502422,-1.3902091648267667,1.5529186304064768,2.029124743606438,3.5962318840579712,0.7246376811594203,0.271238341400589,2.3145515950520834
min,Min,18,108,-0.5297728814019091,1.400641841182002,1.7015958832299243,-1.2471478723596645,1.4459684470847793,1.938879293841117,3.565833333333333,0.6388888888888888,0.04532660590277726,2.165191492151331
min,Min,21,138,0.06671399987262418,0.6825161256651952,0.8603791290958985,-2.0222296850232113,2.0261162976251135,2.1875398070325636,3.739347826086956,0.8478260869565217,1.3436001719599182,3.056831700421761
min,Min,24,141,0.4667041664935182,0.7808226889752331,1.0207459138633417,-2.473755956338653,2.4737559563386524,2.6281165997175213,4.258156028368795,0.8723404255319149,1.6929332673634194,3.477333339393562
min,Min,27,162,0.35809615900487163,0.7522034181194545,0.9553493641018505,-2.8751597237292628,2.8751597237292628,3.0103312501894193,4.357530864197531,0.9135802469135802,2.1229563056098084,3.6053274460780766
min,Min,30,174,0.7490132298962823,1.0013095548783222,1.2621013614762837,-2.9491835530598958,2.9491835530598958,3.088830095205959,4.293333333333333,0.8045977011494253,1.9478739981815736,3.292023778455011
min,Min,33,178,0.14670615892731714,0.782439691779319,1.0542344103191637,-6.5902162359001935,6.590216235900192,6.666303960768407,3.045112359550562,0.8876404494382022,5.807776544120872,2.262672667771243
min,Min,36,183,0.46917638893335956,0.959554680162441,1.3437549932393769,-3.8375714411501023,3.910979390795765,4.049914796340941,4.959234972677596,0.7868852459016393,2.951424710633324,3.999680292515155
min,Min,39,183,-1.3218869568871663,1.9557610683753852,2.4081745112313664,-1.839025325254014,2.1029122174372463,2.683001615879346,3.768251366120218,0.6557377049180327,0.1471511490618611,1.8124902977448327
min,Min,42,182,-0.6576594761439749,1.6281778859568166,1.8571835946849165,-1.9071881036444023,2.1168771328768883,2.5677152044476257,3.043791208791209,0.7142857142857143,0.4886992469200717,1.4156133228343923
min,Min,45,182,0.329425038767385,0.7648884699894829,0.9812762888257953,-2.140472868196257,2.1670196868561127,2.301769141629498,3.1575274725274722,0.8571428571428571,1.4021312168666298,2.3926390025379893
min,Min,48,178,0.395217312587782,0.7958639697814264,1.019341750418199,-2.5436440662855517,2.5436440662855517,2.6974732526650436,3.6156179775280894,0.8089887640449438,1.7477800965041252,2.819754007746663
prom,Prom,9,19,0.041435193513567725,0.9033626837479453,1.05483783258941,-3.3530421206825656,3.353042120682566,3.5092759693018887,6.379473684210526,0.6842105263157895,2.4496794369346206,5.4761110004625815
prom,Prom,12,41,0.10392819288300359,0.9839222382336129,1.1922127799902287,-1.7413696884527445,1.7478089272103665,2.0566264897566,4.60219512195122,0.7073170731707317,0.7638866889767536,3.618272883717607
prom,Prom,15,71,-0.758585308236135,1.4085053091989435,1.8464445781771572,-1.4627960978763208,1.6245848233934859,2.1499859659333813,2.9983098591549298,0.6901408450704225,0.2160795141945424,1.5898045499559863
prom,Prom,18,111,-0.4791582042247323,1.3685139589051938,1.6304690363010006,-1.3700588796804611,1.4942467491905964,1.965853646083016,4.170360360360361,0.6666666666666666,0.12573279028540263,2.801846401455167
prom,Prom,21,138,0.081008460003397,0.6640753616111862,0.8556880994298254,-2.1014020394587867,2.1014020394587867,2.2557648396950087,4.529202898550724,0.8478260869565217,1.4373266778476004,3.865127536939538
prom,Prom,24,141,0.45975030127991956,0.7600559965093081,0.9702957577403338,-2.5619941181155808,2.5619941181155808,2.7030308378461703,5.145602836879433,0.900709219858156,1.8019381216062726,4.385546840370124
prom,Prom,27,167,0.4042358069505522,0.7409776699043321,0.9562589393224197,-2.9197991979907374,2.919799197990737,3.050545125693009,5.248682634730539,0.9101796407185628,2.178821528086405,4.507704964826207
prom,Prom,30,174,0.4876218072299302,0.7680831979335037,0.9648821087190552,-3.95679216757588,3.956792167575881,4.048618168859935,3.5558045977011496,0.8563218390804598,3.188708969642377,2.787721399767646
prom,Prom,33,189,0.13698548977968006,0.8096659471622852,1.0597689216321018,-3.3293931103257277,3.3293931103257277,3.4889197719067493,3.8899470899470896,0.8042328042328042,2.5197271631634424,3.0802811427848042
prom,Prom,36,183,0.22557131574453684,1.242605167242999,1.4940019738442547,-1.578761760107156,1.8483336068241978,2.143195992350427,4.840273224043716,0.73224043715847,0.6057284395811988,3.5976680568007167
prom,Prom,39,189,-1.1964941987537185,2.052464715866814,2.4423882296892225,-1.8218018353174612,2.255353228856646,2.798436908113621,3.4125396825396828,0.6190476190476191,0.20288851298983213,1.3600749666728689
prom,Prom,42,189,-0.6196036137979505,1.4884078543526786,1.7164514632404737,-1.9830220088252313,2.1309552228009263,2.5452999517301316,3.317989417989419,0.6984126984126984,0.6425473684482477,1.8295815636367403
prom,Prom,45,182,0.3339893919557003,0.7255414556146973,0.9468002900907351,-2.2056002237508596,2.223483900133071,2.3523338091453496,3.867692307692308,0.8846153846153846,1.4979424445183738,3.1421508520776107
prom,Prom,48,178,0.3942869002095774,0.777286140356171,0.9789265612430639,-2.6769729648547225,2.6769729648547225,2.8192442176308274,4.479382022471911,0.8764044943820225,1.8996868244985514,3.7020958821157395
