,fecha,RADIACION SOLAR GLOBAL PROM,HUMEDAD RELATIVA DEL AIRE PROM,HUMEDAD RELATIVA DEL AIRE MAX,TEMPERATURA AIRE MAX
0,2024-07-01T05:00:00,0.01,96.97,,
1,2024-07-01T06:00:00,0.0,92.23,,
2,2024-07-01T07:00:00,0.0,88.22,,
3,2024-07-01T08:00:00,0.0,91.27,,
4,2024-07-01T09:00:00,0.0,86.65,,
5,2024-07-01T10:00:00,0.0,86.43,,
6,2024-07-01T11:00:00,10.0,84.66,,
7,2024-07-01T12:00:00,156.97,68.92,,
8,2024-07-01T13:00:00,470.94,57.67,,
9,2024-07-01T14:00:00,565.38,49.17,,
10,2024-07-01T15:00:00,854.74,43.7,,
11,2024-07-01T16:00:00,962.69,40.6,,
12,2024-07-01T17:00:00,963.92,39.08,,
13,2024-07-01T18:00:00,779.46,37.93,,
14,2024-07-01T19:00:00,776.81,48.87,,
15,2024-07-01T20:00:00,604.26,49.82,,
16,2024-07-01T21:00:00,160.8,53.92,,
17,2024-07-01T22:00:00,59.04,57.55,,
18,2024-07-01T23:00:00,2.22,66.05,,
19,2024-07-02T00:00:00,0.0,71.62,,
20,2024-07-02T01:00:00,0.0,84.85,,
21,2024-07-02T02:00:00,0.0,84.17,,
22,2024-07-02T03:00:00,0.0,89.15,,
23,2024-07-02T04:00:00,0.0,95.67,,
24,2024-07-02T05:00:00,0.0,94.67,,
25,2024-07-02T06:00:00,0.0,92.22,,
26,2024-07-02T07:00:00,0.0,90.92,,
27,2024-07-02T08:00:00,0.0,93.4,,
28,2024-07-02T09:00:00,0.0,95.48,,
29,2024-07-02T10:00:00,0.0,86.78,,
30,2024-07-02T11:00:00,21.4,75.17,,
31,2024-07-02T12:00:00,55.4,66.18,,
32,2024-07-02T13:00:00,195.52,56.38,,
33,2024-07-02T14:00:00,361.19,51.85,,
34,2024-07-02T15:00:00,712.08,46.42,,
35,2024-07-02T16:00:00,882.02,43.2,,
36,2024-07-02T17:00:00,686.23,44.92,,
37,2024-07-02T18:00:00,448.75,47.25,,
38,2024-07-02T19:00:00,543.3,46.37,,
39,2024-07-02T20:00:00,365.2,44.44,,
40,2024-07-02T21:00:00,135.61,45.08,,
41,2024-07-02T22:00:00,68.8,53.05,,
42,2024-07-02T23:00:00,6.11,64.25,,
43,2024-07-03T00:00:00,0.0,59.77,,
44,2024-07-03T01:00:00,0.0,75.52,,
45,2024-07-03T02:00:00,0.0,75.88,,
46,2024-07-03T03:00:00,0.0,71.67,,
47,2024-07-03T04:00:00,0.0,69.92,,
48,2024-07-03T05:00:00,0.0,73.8,,
49,2024-07-03T06:00:00,0.0,90.83,,
50,2024-07-03T07:00:00,0.0,95.07,,
51,2024-07-03T08:00:00,0.0,96.02,,
52,2024-07-03T09:00:00,0.0,95.65,,
53,2024-07-03T10:00:00,0.0,94.37,,
54,2024-07-03T11:00:00,13.38,91.53,,
55,2024-07-03T12:00:00,116.14,88.0,,
56,2024-07-03T13:00:00,264.36,60.9,,
57,2024-07-03T14:00:00,487.58,53.42,,
58,2024-07-03T15:00:00,458.65,61.43,,
59,2024-07-03T16:00:00,692.75,48.43,,
60,2024-07-03T17:00:00,609.43,48.75,,
61,2024-07-03T18:00:00,468.65,48.85,,
62,2024-07-03T19:00:00,241.32,58.33,,
63,2024-07-03T20:00:00,229.83,59.22,,
64,2024-07-03T21:00:00,128.42,65.78,,
65,2024-07-03T22:00:00,28.86,73.08,,
66,2024-07-03T23:00:00,1.95,73.43,,
67,2024-07-04T00:00:00,0.0,76.35,,
68,2024-07-04T01:00:00,0.0,87.3,,
69,2024-07-04T02:00:00,0.0,97.57,,
70,2024-07-04T03:00:00,0.0,97.2,,
71,2024-07-04T04:00:00,0.0,95.97,,
72,2024-07-04T05:00:00,0.09,89.5,,
73,2024-07-04T06:00:00,0.0,90.07,,
74,2024-07-04T07:00:00,0.0,91.78,,
75,2024-07-04T08:00:00,0.0,94.62,,
76,2024-07-04T09:00:00,0.0,89.73,,
77,2024-07-04T10:00:00,0.0,85.72,,
78,2024-07-04T11:00:00,13.92,95.82,,
79,2024-07-04T12:00:00,174.05,87.78,,
80,2024-07-04T13:00:00,352.53,78.82,,
81,2024-07-04T14:00:00,228.18,75.23,,
82,2024-07-04T15:00:00,678.67,67.27,,
83,2024-07-04T16:00:00,842.25,54.95,,
84,2024-07-04T17:00:00,814.13,52.85,,
85,2024-07-04T18:00:00,434.18,58.13,,
86,2024-07-04T19:00:00,255.73,67.07,,
87,2024-07-04T20:00:00,381.64,69.78,,
88,2024-07-04T21:00:00,188.88,74.2,,
89,2024-07-04T22:00:00,91.13,76.63,,
90,2024-07-04T23:00:00,7.98,90.7,,
91,2024-07-05T00:00:00,0.0,92.75,,
92,2024-07-05T01:00:00,0.0,95.62,,
93,2024-07-05T02:00:00,0.0,98.96,,
94,2024-07-05T03:00:00,0.0,98.98,,
95,2024-07-05T04:00:00,0.0,99.22,,
96,2024-07-05T05:00:00,0.0,97.65,,
97,2024-07-05T06:00:00,0.0,95.18,,
98,2024-07-05T07:00:00,0.0,97.82,,
99,2024-07-05T08:00:00,0.0,97.37,,
100,2024-07-05T09:00:00,0.0,96.88,,
101,2024-07-05T10:00:00,0.0,95.82,,
102,2024-07-05T11:00:00,20.11,96.87,,
103,2024-07-05T12:00:00,72.01,91.9,,
104,2024-07-05T13:00:00,352.25,82.53,,
105,2024-07-05T14:00:00,320.98,74.18,,
106,2024-07-05T15:00:00,404.35,77.07,,
107,2024-07-05T16:00:00,413.34,69.57,,
108,2024-07-05T17:00:00,454.65,74.32,,
109,2024-07-05T18:00:00,608.75,65.63,,
110,2024-07-05T19:00:00,411.19,64.65,,
111,2024-07-05T20:00:00,212.49,72.18,,
112,2024-07-05T21:00:00,265.42,70.38,,
113,2024-07-05T22:00:00,64.13,78.62,,
114,2024-07-05T23:00:00,2.86,84.0,,
115,2024-07-06T00:00:00,0.0,88.07,,
116,2024-07-06T01:00:00,0.0,93.98,,
117,2024-07-06T02:00:00,0.0,99.25,,
118,2024-07-06T03:00:00,0.0,90.73,,
119,2024-07-06T04:00:00,0.0,85.2,,
120,2024-07-06T05:00:00,0.0,89.4,,
121,2024-07-06T06:00:00,0.0,83.82,,
122,2024-07-06T07:00:00,0.0,83.67,,
123,2024-07-06T08:00:00,0.0,84.22,,
124,2024-07-06T09:00:00,0.0,84.37,,
125,2024-07-06T10:00:00,0.0,82.45,,
126,2024-07-06T11:00:00,9.69,94.88,,
127,2024-07-06T12:00:00,51.66,90.15,,
128,2024-07-06T13:00:00,206.22,85.05,,
129,2024-07-06T14:00:00,502.17,74.82,,
130,2024-07-06T15:00:00,667.96,66.77,,
131,2024-07-06T16:00:00,769.14,48.87,,
132,2024-07-06T17:00:00,770.76,47.55,,
133,2024-07-06T18:00:00,853.82,45.12,,
134,2024-07-06T19:00:00,655.02,43.55,,
135,2024-07-06T20:00:00,179.02,46.18,,
136,2024-07-06T21:00:00,183.39,46.97,,
137,2024-07-06T22:00:00,62.21,49.42,,
138,2024-07-06T23:00:00,1.81,50.35,,
139,2024-07-07T00:00:00,0.0,56.55,,
140,2024-07-07T01:00:00,0.0,65.17,,
141,2024-07-07T02:00:00,0.0,64.32,,
142,2024-07-07T03:00:00,0.0,65.63,,
143,2024-07-07T04:00:00,0.0,73.05,,
144,2024-07-07T05:00:00,0.0,72.9,,
145,2024-07-07T06:00:00,0.0,77.28,,
146,2024-07-07T07:00:00,0.0,82.36,,
147,2024-07-07T08:00:00,0.0,79.98,,
148,2024-07-07T09:00:00,0.0,74.52,,
149,2024-07-07T10:00:00,0.0,71.67,,
150,2024-07-07T11:00:00,18.31,67.38,,
151,2024-07-07T12:00:00,124.41,62.22,,
152,2024-07-07T13:00:00,536.68,50.82,,
153,2024-07-07T14:00:00,748.44,43.4,,
154,2024-07-07T15:00:00,641.42,43.07,,
155,2024-07-07T16:00:00,748.7,41.98,,
156,2024-07-07T17:00:00,955.51,39.43,,
157,2024-07-07T18:00:00,455.1,38.82,,
158,2024-07-07T19:00:00,295.33,40.15,,
159,2024-07-07T20:00:00,278.18,40.25,,
160,2024-07-07T21:00:00,161.19,43.0,,
161,2024-07-07T22:00:00,43.28,47.38,,
162,2024-07-08T12:00:00,184.07,52.4,,
163,2024-07-08T13:00:00,484.35,45.63,,
164,2024-07-08T14:00:00,702.19,42.95,,
165,2024-07-08T15:00:00,800.0,39.91,,
166,2024-07-08T16:00:00,953.8,35.78,,
167,2024-07-08T17:00:00,959.78,33.52,,
168,2024-07-08T18:00:00,969.05,33.03,,
169,2024-07-08T19:00:00,830.71,32.13,,
170,2024-07-08T20:00:00,530.73,34.6,,
171,2024-07-08T21:00:00,403.1,37.75,,
172,2024-07-08T22:00:00,98.87,40.22,,
173,2024-07-08T23:00:00,2.24,45.43,,
174,2024-07-09T00:00:00,0.0,47.05,,
175,2024-07-09T01:00:00,0.0,46.6,,
176,2024-07-09T02:00:00,0.0,51.37,,
177,2024-07-09T03:00:00,0.0,55.82,,
178,2024-07-09T04:00:00,0.0,60.13,,
179,2024-07-09T05:00:00,0.0,61.85,,
180,2024-07-09T06:00:00,0.0,58.37,,
181,2024-07-09T07:00:00,0.0,61.09,,
182,2024-07-09T08:00:00,0.0,70.28,,
183,2024-07-09T09:00:00,0.0,71.57,,
184,2024-07-09T10:00:00,0.0,72.2,,
185,2024-07-09T11:00:00,22.08,72.44,,
186,2024-07-09T12:00:00,196.61,61.17,,
187,2024-07-09T13:00:00,424.72,45.85,,
188,2024-07-09T14:00:00,646.38,44.97,,
189,2024-07-09T15:00:00,468.92,47.78,,
190,2024-07-09T16:00:00,525.9,44.13,,
191,2024-07-09T17:00:00,465.45,43.57,,
192,2024-07-09T18:00:00,414.14,41.53,,
193,2024-07-09T19:00:00,154.58,44.02,,
194,2024-07-09T20:00:00,168.81,57.9,,
195,2024-07-09T21:00:00,115.65,59.12,,
196,2024-07-09T22:00:00,43.82,60.07,,
197,2024-07-09T23:00:00,4.65,62.22,,
198,2024-07-10T00:00:00,0.0,65.93,,
199,2024-07-10T01:00:00,0.0,67.8,,
200,2024-07-10T02:00:00,0.0,70.03,,
201,2024-07-10T03:00:00,0.0,73.27,,
202,2024-07-10T04:00:00,0.0,76.89,,
203,2024-07-10T05:00:00,0.0,74.62,,
204,2024-07-10T06:00:00,0.0,74.78,,
205,2024-07-10T07:00:00,0.0,76.45,,
206,2024-07-10T08:00:00,0.0,76.48,,
207,2024-07-10T09:00:00,0.0,80.13,,
208,2024-07-10T10:00:00,0.0,82.58,,
209,2024-07-10T11:00:00,9.77,81.95,,
210,2024-07-10T12:00:00,161.31,63.47,,
211,2024-07-10T13:00:00,474.18,50.05,,
212,2024-07-10T14:00:00,698.64,42.58,,
213,2024-07-10T15:00:00,896.85,41.62,,
214,2024-07-10T16:00:00,806.92,39.74,,
215,2024-07-10T17:00:00,745.13,38.15,,
216,2024-07-10T18:00:00,741.38,37.28,,
217,2024-07-10T19:00:00,279.93,39.25,,
218,2024-07-10T20:00:00,169.69,52.22,,
219,2024-07-10T21:00:00,257.88,53.27,,
220,2024-07-10T22:00:00,52.78,57.67,,
221,2024-07-10T23:00:00,2.08,64.15,,
222,2024-07-11T00:00:00,0.0,66.42,,
223,2024-07-11T01:00:00,0.0,68.87,,
224,2024-07-11T02:00:00,0.0,91.1,,
225,2024-07-11T03:00:00,0.0,80.6,,
226,2024-07-11T04:00:00,0.0,78.22,,
227,2024-07-11T05:00:00,0.0,83.28,,
228,2024-07-11T06:00:00,0.0,86.65,,
229,2024-07-11T07:00:00,0.1,83.88,,
230,2024-07-11T08:00:00,0.02,81.03,,
231,2024-07-11T09:00:00,0.0,87.31,,
232,2024-07-11T10:00:00,0.0,80.82,,
233,2024-07-11T11:00:00,13.05,80.7,,
234,2024-07-11T12:00:00,153.89,71.67,,
235,2024-07-11T13:00:00,419.28,65.98,,
236,2024-07-11T14:00:00,677.07,47.95,,
237,2024-07-11T15:00:00,818.8,41.44,,
238,2024-07-11T16:00:00,809.68,38.04,,
239,2024-07-11T17:00:00,719.69,36.53,,
240,2024-07-11T18:00:00,815.0,34.05,,
241,2024-07-11T19:00:00,690.24,30.28,,
242,2024-07-11T20:00:00,264.24,36.27,,
243,2024-07-11T21:00:00,253.17,48.07,,
244,2024-07-11T22:00:00,34.39,55.83,,
245,2024-07-11T23:00:00,3.48,61.55,,
246,2024-07-12T00:00:00,0.0,69.2,,
247,2024-07-12T01:00:00,0.0,64.82,,
248,2024-07-12T02:00:00,0.0,55.85,,
249,2024-07-12T03:00:00,0.0,57.42,,
250,2024-07-12T04:00:00,0.0,67.18,,
251,2024-07-12T05:00:00,0.0,64.62,,
252,2024-07-12T06:00:00,0.0,63.97,,
253,2024-07-12T07:00:00,0.0,65.92,,
254,2024-07-12T08:00:00,0.0,68.6,,
255,2024-07-12T09:00:00,0.0,69.75,,
256,2024-07-12T10:00:00,0.0,71.55,,
257,2024-07-12T11:00:00,11.81,71.45,,
258,2024-07-12T12:00:00,157.38,61.13,,
259,2024-07-12T13:00:00,460.42,51.47,,
260,2024-07-12T14:00:00,598.74,46.27,,
261,2024-07-12T15:00:00,406.34,43.83,,
262,2024-07-12T16:00:00,758.29,41.07,,
263,2024-07-12T17:00:00,1020.51,36.28,,
264,2024-07-12T18:00:00,417.77,36.58,,
265,2024-07-12T19:00:00,201.1,43.73,,
266,2024-07-12T20:00:00,356.52,53.03,,
267,2024-07-12T21:00:00,154.38,55.22,,
268,2024-07-12T22:00:00,46.0,57.42,,
269,2024-07-12T23:00:00,3.97,59.4,,
270,2024-07-13T00:00:00,0.0,61.57,,
271,2024-07-13T01:00:00,0.0,66.2,,
272,2024-07-13T02:00:00,0.0,70.3,,
273,2024-07-13T03:00:00,0.0,70.3,,
274,2024-07-13T04:00:00,0.0,70.18,,
275,2024-07-13T05:00:00,0.0,65.65,,
276,2024-07-13T06:00:00,0.01,68.33,,
277,2024-07-13T07:00:00,0.0,72.47,,
278,2024-07-13T08:00:00,0.0,69.27,,
279,2024-07-13T09:00:00,0.0,73.62,,
280,2024-07-13T10:00:00,0.0,82.1,,
281,2024-07-13T11:00:00,18.02,71.96,,
282,2024-07-13T12:00:00,127.13,66.47,,
283,2024-07-13T13:00:00,320.56,54.37,,
284,2024-07-13T14:00:00,248.23,48.02,,
285,2024-07-13T15:00:00,391.33,45.63,,
286,2024-07-13T16:00:00,493.84,45.1,,
287,2024-07-13T17:00:00,745.19,43.03,,
288,2024-07-13T18:00:00,755.62,40.56,,
289,2024-07-13T19:00:00,387.43,41.35,,
290,2024-07-13T20:00:00,371.36,41.8,,
291,2024-07-13T21:00:00,178.35,44.07,,
292,2024-07-13T22:00:00,59.88,45.8,,
293,2024-07-13T23:00:00,1.41,46.57,,
294,2024-07-14T00:00:00,0.0,48.63,,
295,2024-07-14T01:00:00,0.0,50.08,,
296,2024-07-14T02:00:00,0.0,53.15,,
297,2024-07-14T03:00:00,0.0,54.18,,
298,2024-07-14T04:00:00,0.0,53.45,,
299,2024-07-14T05:00:00,0.0,53.82,,
300,2024-07-14T06:00:00,0.0,55.57,,
301,2024-07-14T07:00:00,0.0,58.18,,
302,2024-07-14T08:00:00,0.0,59.8,,
303,2024-07-14T09:00:00,0.0,60.93,,
304,2024-07-14T10:00:00,0.0,60.1,,
305,2024-07-14T11:00:00,14.83,58.2,,
306,2024-07-14T12:00:00,196.5,54.88,,
307,2024-07-14T13:00:00,482.38,49.38,,
308,2024-07-14T14:00:00,700.48,43.02,,
309,2024-07-14T15:00:00,794.92,39.8,,
310,2024-07-14T16:00:00,767.19,39.04,,
311,2024-07-14T17:00:00,1045.37,38.17,,
312,2024-07-14T18:00:00,984.84,36.98,,
313,2024-07-14T19:00:00,468.69,37.67,,
314,2024-07-14T20:00:00,260.72,40.1,,
315,2024-07-14T21:00:00,246.58,39.49,,
316,2024-07-14T22:00:00,75.4,43.67,,
317,2024-07-14T23:00:00,4.42,50.1,,
318,2024-07-15T00:00:00,0.0,50.13,,
319,2024-07-15T01:00:00,0.0,49.98,,
320,2024-07-15T02:00:00,0.0,50.62,,
321,2024-07-15T03:00:00,0.0,49.32,,
322,2024-07-15T04:00:00,0.0,50.62,,
323,2024-07-15T05:00:00,0.0,51.25,,
324,2024-07-15T06:00:00,0.0,52.95,,
325,2024-07-15T07:00:00,0.0,52.63,,
326,2024-07-15T08:00:00,0.0,51.67,,
327,2024-07-15T09:00:00,0.0,55.25,,
328,2024-07-15T10:00:00,0.0,57.95,,
329,2024-07-15T11:00:00,10.73,56.43,,
330,2024-07-15T12:00:00,172.4,49.63,,
331,2024-07-15T13:00:00,477.07,41.43,,
332,2024-07-15T14:00:00,697.68,38.75,,
333,2024-07-15T15:00:00,865.22,35.97,,
334,2024-07-15T16:00:00,969.72,32.4,,
335,2024-07-15T17:00:00,996.15,31.1,,
336,2024-07-15T18:00:00,946.42,29.6,,
337,2024-07-15T19:00:00,821.1,28.48,,
338,2024-07-15T20:00:00,639.7,29.23,,
339,2024-07-15T21:00:00,407.81,33.07,,
340,2024-07-15T22:00:00,101.64,37.93,,
341,2024-07-15T23:00:00,2.27,42.9,,
342,2024-07-16T00:00:00,0.0,44.57,,
343,2024-07-16T01:00:00,0.0,44.53,,
344,2024-07-16T02:00:00,0.0,45.03,,
345,2024-07-16T03:00:00,0.0,46.35,,
346,2024-07-16T04:00:00,0.0,48.63,,
347,2024-07-16T05:00:00,0.0,49.0,,
348,2024-07-16T06:00:00,0.0,49.37,,
349,2024-07-16T07:00:00,0.0,50.87,,
350,2024-07-16T08:00:00,0.0,51.72,,
351,2024-07-16T09:00:00,0.0,53.28,,
352,2024-07-16T10:00:00,0.0,52.11,,
353,2024-07-16T11:00:00,8.65,51.55,,
354,2024-07-16T12:00:00,175.25,47.93,,
355,2024-07-16T13:00:00,488.15,43.62,,
356,2024-07-16T14:00:00,702.01,37.75,,
357,2024-07-16T15:00:00,860.56,31.93,,
358,2024-07-16T16:00:00,959.8,27.32,,
359,2024-07-16T19:00:00,751.4,25.02,,
360,2024-07-16T20:00:00,536.11,33.88,,
361,2024-07-16T21:00:00,360.21,43.28,,
362,2024-07-16T22:00:00,68.35,48.92,,
363,2024-07-16T23:00:00,2.83,43.5,,
364,2024-07-17T00:00:00,0.0,42.25,,
365,2024-07-17T01:00:00,0.0,43.75,,
366,2024-07-17T02:00:00,0.0,48.4,,
367,2024-07-17T03:00:00,0.0,49.95,,
368,2024-07-17T04:00:00,0.0,51.37,,
369,2024-07-17T05:00:00,0.0,51.23,,
370,2024-07-17T06:00:00,0.0,50.88,,
371,2024-07-17T07:00:00,0.0,51.7,,
372,2024-07-17T08:00:00,0.0,53.03,,
373,2024-07-17T09:00:00,0.0,54.31,,
374,2024-07-17T10:00:00,0.0,55.68,,
375,2024-07-17T11:00:00,9.37,53.96,,
376,2024-07-17T12:00:00,173.84,46.97,,
377,2024-07-17T13:00:00,485.98,40.43,,
378,2024-07-17T14:00:00,691.55,38.62,,
379,2024-07-17T15:00:00,850.95,33.95,,
380,2024-07-17T16:00:00,963.43,31.45,,
381,2024-07-18T14:00:00,732.33,43.78,,
382,2024-07-18T15:00:00,921.52,40.92,,
383,2024-07-18T16:00:00,930.03,39.09,,
384,2024-07-18T17:00:00,978.05,38.65,,
385,2024-07-18T18:00:00,901.8,36.91,,
386,2024-07-18T19:00:00,463.45,38.33,,
387,2024-07-18T20:00:00,283.61,38.94,,
388,2024-07-18T21:00:00,189.24,42.02,,
389,2024-07-18T22:00:00,67.09,44.27,,
390,2024-07-18T23:00:00,5.11,51.0,,
391,2024-07-19T00:00:00,0.0,55.83,,
392,2024-07-19T01:00:00,0.0,57.57,,
393,2024-07-19T02:00:00,0.0,67.33,,
394,2024-07-19T03:00:00,0.0,65.98,,
395,2024-07-19T04:00:00,0.0,65.85,,
396,2024-07-19T05:00:00,0.0,64.87,,
397,2024-07-19T06:00:00,0.0,79.2,,
398,2024-07-19T07:00:00,0.0,85.67,,
399,2024-07-19T08:00:00,0.0,86.03,,
400,2024-07-19T09:00:00,0.0,87.07,,
401,2024-07-19T10:00:00,0.0,88.7,,
402,2024-07-19T11:00:00,18.95,91.08,,
403,2024-07-19T12:00:00,119.94,70.12,,
404,2024-07-19T13:00:00,461.87,56.5,,
405,2024-07-19T14:00:00,716.21,51.25,,
406,2024-07-19T15:00:00,819.18,44.37,,
407,2024-07-19T16:00:00,808.89,40.3,,
408,2024-07-19T17:00:00,473.46,37.12,,
409,2024-07-19T18:00:00,359.89,36.07,,
410,2024-07-19T19:00:00,442.77,36.99,,
411,2024-07-19T20:00:00,343.66,41.6,,
412,2024-07-19T21:00:00,159.22,44.9,,
413,2024-07-19T22:00:00,74.49,46.95,,
414,2024-07-19T23:00:00,2.74,50.63,,
415,2024-07-20T00:00:00,0.0,52.17,,
416,2024-07-20T01:00:00,0.01,51.37,,
417,2024-07-20T02:00:00,0.0,52.9,,
418,2024-07-20T03:00:00,0.0,52.27,,
419,2024-07-20T04:00:00,0.0,50.32,,
420,2024-07-20T05:00:00,0.0,52.3,,
421,2024-07-20T06:00:00,0.0,59.53,,
422,2024-07-20T07:00:00,0.0,60.78,,
423,2024-07-20T08:00:00,0.0,63.62,,
424,2024-07-20T09:00:00,0.0,65.23,,
425,2024-07-20T10:00:00,0.0,58.38,,
426,2024-07-20T11:00:00,15.09,54.67,,
427,2024-07-20T12:00:00,183.87,51.45,,
428,2024-07-20T13:00:00,484.59,44.03,,
429,2024-07-20T14:00:00,705.02,38.32,,
430,2024-07-20T15:00:00,875.33,34.13,,
431,2024-07-20T16:00:00,975.63,32.35,,
432,2024-07-20T17:00:00,1012.33,30.37,,
433,2024-07-20T18:00:00,966.69,29.27,,
434,2024-07-20T19:00:00,794.28,29.65,,
435,2024-07-20T20:00:00,546.61,32.9,,
436,2024-07-20T21:00:00,257.79,35.8,,
437,2024-07-20T22:00:00,62.69,39.07,,
438,2024-07-20T23:00:00,3.22,43.87,,
439,2024-07-21T00:00:00,0.0,48.52,,
440,2024-07-21T01:00:00,0.0,51.15,,
441,2024-07-21T02:00:00,0.0,53.3,,
442,2024-07-21T03:00:00,0.0,53.5,,
443,2024-07-21T04:00:00,0.0,56.53,,
444,2024-07-21T05:00:00,0.0,59.57,,
445,2024-07-21T06:00:00,0.0,59.98,,
446,2024-07-21T07:00:00,0.0,60.27,,
447,2024-07-21T08:00:00,0.0,58.72,,
448,2024-07-21T09:00:00,0.0,55.51,,
449,2024-07-21T10:00:00,0.0,56.03,,
450,2024-07-21T11:00:00,9.0,55.4,,
451,2024-07-21T12:00:00,194.88,51.2,,
452,2024-07-21T13:00:00,488.52,46.43,,
453,2024-07-21T14:00:00,700.66,43.92,,
454,2024-07-21T15:00:00,882.65,39.27,,
455,2024-07-21T16:00:00,994.43,33.72,,
456,2024-07-21T17:00:00,1032.31,32.83,,
457,2024-07-21T18:00:00,783.26,31.97,,
458,2024-07-21T19:00:00,430.77,35.15,,
459,2024-07-21T20:00:00,381.78,37.56,,
460,2024-07-21T21:00:00,144.62,45.32,,
461,2024-07-21T22:00:00,52.4,45.55,,
462,2024-07-21T23:00:00,2.32,58.23,,
463,2024-07-22T00:00:00,0.0,50.87,,
464,2024-07-22T01:00:00,0.0,50.6,,
465,2024-07-22T02:00:00,0.0,53.7,,
466,2024-07-22T05:00:00,0.0,55.6,,
467,2024-07-22T06:00:00,0.0,58.15,,
468,2024-07-22T07:00:00,0.0,55.91,,
469,2024-07-22T08:00:00,0.0,56.2,,
470,2024-07-22T09:00:00,0.0,57.62,,
471,2024-07-22T10:00:00,0.0,59.08,,
472,2024-07-22T11:00:00,9.33,59.98,,
473,2024-07-22T12:00:00,196.51,54.48,,
474,2024-07-22T13:00:00,481.33,46.85,,
475,2024-07-22T14:00:00,704.76,38.41,,
476,2024-07-22T15:00:00,878.06,34.32,,
477,2024-07-22T16:00:00,983.03,30.58,,
478,2024-07-22T17:00:00,1015.05,30.23,,
479,2024-07-22T18:00:00,961.03,29.02,,
480,2024-07-22T19:00:00,799.74,29.6,,
481,2024-07-22T20:00:00,692.54,30.78,,
482,2024-07-22T21:00:00,440.87,33.63,,
483,2024-07-22T22:00:00,131.13,40.38,,
484,2024-07-22T23:00:00,3.84,43.2,,
485,2024-07-23T00:00:00,0.0,46.85,,
486,2024-07-23T01:00:00,0.0,48.75,,
487,2024-07-23T02:00:00,0.0,52.77,,
488,2024-07-23T03:00:00,0.0,56.08,,
489,2024-07-23T04:00:00,0.0,54.67,,
490,2024-07-23T05:00:00,0.0,55.45,,
491,2024-07-23T06:00:00,0.0,55.28,,
492,2024-07-23T07:00:00,0.0,57.68,,
493,2024-07-23T08:00:00,0.0,59.36,,
494,2024-07-23T09:00:00,0.0,58.6,,
495,2024-07-23T10:00:00,0.0,56.73,,
496,2024-07-23T11:00:00,12.58,54.63,,
497,2024-07-23T12:00:00,200.81,49.42,,
498,2024-07-23T13:00:00,486.67,43.97,,
499,2024-07-23T14:00:00,703.1,39.02,,
500,2024-07-23T15:00:00,830.34,37.48,,
501,2024-07-23T16:00:00,993.78,31.82,,
502,2024-07-23T17:00:00,1047.66,28.98,,
503,2024-07-23T18:00:00,991.04,29.93,,
504,2024-07-23T19:00:00,843.52,29.75,,
505,2024-07-23T20:00:00,638.95,33.82,,
506,2024-07-23T21:00:00,324.53,37.82,,
507,2024-07-23T22:00:00,90.1,42.35,,
508,2024-07-23T23:00:00,3.77,45.02,,
509,2024-07-24T00:00:00,0.0,48.0,,
510,2024-07-24T01:00:00,0.0,49.62,,
511,2024-07-24T02:00:00,0.0,48.73,,
512,2024-07-24T03:00:00,0.0,49.7,,
513,2024-07-24T04:00:00,0.0,50.98,,
514,2024-07-24T05:00:00,0.0,51.6,,
515,2024-07-24T06:00:00,0.0,54.35,,
516,2024-07-24T07:00:00,0.0,58.72,,
517,2024-07-24T08:00:00,0.0,61.8,,
518,2024-07-24T09:00:00,0.0,57.78,,
519,2024-07-24T10:00:00,0.0,55.67,,
520,2024-07-24T11:00:00,9.62,55.43,,
521,2024-07-24T12:00:00,199.12,50.38,,
522,2024-07-24T13:00:00,484.19,46.55,,
523,2024-07-24T14:00:00,697.4,41.8,,
524,2024-07-24T15:00:00,870.64,38.23,,
525,2024-07-24T16:00:00,974.88,31.82,,
526,2024-07-24T17:00:00,1005.79,26.65,,
527,2024-07-24T18:00:00,962.38,26.27,,
528,2024-07-24T19:00:00,794.68,28.08,,
529,2024-07-24T20:00:00,570.07,29.42,,
530,2024-07-24T21:00:00,122.13,33.53,,
531,2024-07-24T22:00:00,44.24,37.63,,
532,2024-07-24T23:00:00,2.33,42.43,,
533,2024-07-25T00:00:00,0.0,45.25,,
534,2024-07-25T01:00:00,0.0,48.67,,
535,2024-07-25T02:00:00,0.0,52.52,,
536,2024-07-25T03:00:00,0.0,52.15,,
537,2024-07-25T04:00:00,0.0,57.65,,
538,2024-07-25T05:00:00,0.0,64.69,,
539,2024-07-25T06:00:00,0.0,64.73,,
540,2024-07-25T07:00:00,0.0,67.7,,
541,2024-07-25T09:00:00,0.0,73.4,,
542,2024-07-25T10:00:00,0.0,73.27,,
543,2024-07-25T11:00:00,21.93,71.85,,
544,2024-07-25T12:00:00,193.19,61.51,,
545,2024-07-25T13:00:00,430.96,53.88,,
546,2024-07-25T14:00:00,531.14,49.43,,
547,2024-07-25T15:00:00,660.88,45.55,,
548,2024-07-25T16:00:00,857.83,40.55,,
549,2024-07-25T17:00:00,363.64,41.55,,
550,2024-07-25T18:00:00,283.03,44.87,,
551,2024-07-25T19:00:00,637.8,53.33,,
552,2024-07-25T20:00:00,384.28,53.15,,
553,2024-07-25T21:00:00,248.67,57.55,,
554,2024-07-25T22:00:00,33.0,63.85,,
555,2024-07-25T23:00:00,4.34,64.93,,
556,2024-07-26T00:00:00,0.0,72.3,,
557,2024-07-26T01:00:00,0.0,72.1,,
558,2024-07-26T02:00:00,0.0,73.65,,
559,2024-07-26T03:00:00,0.0,76.47,,
560,2024-07-26T04:00:00,0.0,79.2,,
561,2024-07-26T05:00:00,0.0,77.3,,
562,2024-07-26T06:00:00,0.0,80.45,,
563,2024-07-26T07:00:00,0.0,81.29,,
564,2024-07-26T08:00:00,0.27,83.18,,
565,2024-07-26T09:00:00,0.19,80.76,,
566,2024-07-26T10:00:00,0.0,79.28,,
567,2024-07-26T11:00:00,13.36,78.83,,
568,2024-07-26T12:00:00,201.1,70.48,,
569,2024-07-26T13:00:00,469.71,59.33,,
570,2024-07-26T14:00:00,597.77,50.97,,
571,2024-07-26T15:00:00,630.25,44.1,,
572,2024-07-26T16:00:00,626.9,41.08,,
573,2024-07-26T17:00:00,809.59,39.15,,
574,2024-07-26T18:00:00,816.16,33.55,,
575,2024-07-26T19:00:00,804.82,34.47,,
576,2024-07-26T20:00:00,571.23,37.74,,
577,2024-07-26T21:00:00,128.18,43.72,,
578,2024-07-26T22:00:00,67.11,64.33,,
579,2024-07-26T23:00:00,3.26,69.52,,
580,2024-07-27T00:00:00,0.0,69.2,,
581,2024-07-27T01:00:00,0.0,73.25,,
582,2024-07-27T02:00:00,0.0,73.05,,
583,2024-07-27T03:00:00,0.0,72.6,,
584,2024-07-27T04:00:00,0.0,63.69,,
585,2024-07-27T05:00:00,0.0,59.22,,
586,2024-07-27T06:00:00,0.0,56.1,,
587,2024-07-27T07:00:00,0.0,56.33,,
588,2024-07-27T08:00:00,0.0,66.55,,
589,2024-07-27T09:00:00,0.0,74.47,,
590,2024-07-27T10:00:00,0.0,75.27,,
591,2024-07-27T11:00:00,19.91,56.97,,
592,2024-07-27T12:00:00,169.94,54.72,,
593,2024-07-27T13:00:00,449.63,46.63,,
594,2024-07-27T14:00:00,705.77,42.3,,
595,2024-07-27T15:00:00,914.68,37.05,,
596,2024-07-27T16:00:00,1026.71,34.52,,
597,2024-07-27T17:00:00,1020.77,31.47,,
598,2024-07-27T18:00:00,992.09,31.02,,
599,2024-07-27T19:00:00,750.4,32.07,,
600,2024-07-27T20:00:00,624.73,32.23,,
601,2024-07-27T21:00:00,170.27,36.0,,
602,2024-07-27T22:00:00,64.08,41.45,,
603,2024-07-27T23:00:00,5.15,46.52,,
604,2024-07-28T00:00:00,0.0,47.4,,
605,2024-07-28T01:00:00,0.0,47.27,,
606,2024-07-28T02:00:00,0.0,51.75,,
607,2024-07-28T03:00:00,0.0,54.98,,
608,2024-07-28T04:00:00,0.0,54.33,,
609,2024-07-28T05:00:00,0.0,54.03,,
610,2024-07-28T06:00:00,0.0,54.11,,
611,2024-07-28T07:00:00,0.0,56.25,,
612,2024-07-28T08:00:00,0.0,57.35,,
613,2024-07-28T09:00:00,0.0,55.5,,
614,2024-07-28T10:00:00,0.0,55.15,,
615,2024-07-28T11:00:00,8.26,55.0,,
616,2024-07-28T12:00:00,200.11,51.2,,
617,2024-07-28T13:00:00,489.36,44.88,,
618,2024-07-28T14:00:00,703.77,40.3,,
619,2024-07-28T15:00:00,854.73,39.19,,
620,2024-07-28T16:00:00,967.34,34.68,,
621,2024-07-28T17:00:00,1003.7,32.48,,
622,2024-07-28T18:00:00,1005.19,29.67,,
623,2024-07-28T19:00:00,834.21,28.25,,
624,2024-07-28T20:00:00,618.24,27.55,,
625,2024-07-28T21:00:00,384.06,26.93,,
626,2024-07-28T22:00:00,120.58,34.43,,
627,2024-07-28T23:00:00,5.93,41.07,,
628,2024-07-29T00:00:00,0.0,43.48,,
629,2024-07-29T01:00:00,0.0,47.58,,
630,2024-07-29T02:00:00,0.0,48.93,,
631,2024-07-29T03:00:00,0.0,49.58,,
632,2024-07-29T04:00:00,0.0,51.43,,
633,2024-07-29T05:00:00,0.0,55.58,,
634,2024-07-29T06:00:00,0.0,57.07,,
635,2024-07-29T07:00:00,0.0,57.87,,
636,2024-07-29T08:00:00,0.0,56.07,,
637,2024-07-29T09:00:00,0.0,54.18,,
638,2024-07-29T10:00:00,0.0,52.92,,
639,2024-07-29T11:00:00,9.42,53.42,,
640,2024-07-29T12:00:00,202.79,50.57,,
641,2024-07-29T13:00:00,479.45,45.43,,
642,2024-07-29T14:00:00,696.83,40.0,,
643,2024-07-29T15:00:00,890.96,36.88,,
644,2024-07-29T16:00:00,977.79,33.43,,
645,2024-07-29T17:00:00,1014.7,31.42,,
646,2024-07-29T18:00:00,965.36,31.2,,
647,2024-07-29T19:00:00,855.67,29.97,,
648,2024-07-29T20:00:00,583.9,31.53,,
649,2024-07-29T21:00:00,420.31,35.75,,
650,2024-07-29T22:00:00,119.53,38.27,,
651,2024-07-29T23:00:00,2.52,42.88,,
652,2024-07-30T00:00:00,0.0,46.42,,
653,2024-07-30T01:00:00,0.0,47.27,,
654,2024-07-30T02:00:00,0.0,49.73,,
655,2024-07-30T03:00:00,0.0,51.68,,
656,2024-07-30T04:00:00,0.0,51.35,,
657,2024-07-30T05:00:00,0.0,52.18,,
658,2024-07-30T06:00:00,0.0,54.0,,
659,2024-07-30T07:00:00,0.0,54.72,,
660,2024-07-30T08:00:00,0.0,57.28,,
661,2024-07-30T09:00:00,0.0,56.42,,
662,2024-07-30T10:00:00,0.0,52.9,,
663,2024-07-30T11:00:00,9.31,51.12,,
664,2024-07-30T12:00:00,206.22,47.78,,
665,2024-07-30T13:00:00,486.4,42.93,,
666,2024-07-30T14:00:00,706.65,39.82,,
667,2024-07-30T15:00:00,876.91,35.82,,
668,2024-07-30T16:00:00,1010.82,34.87,,
669,2024-07-30T17:00:00,602.02,33.98,,
670,2024-07-30T18:00:00,852.19,33.2,,
671,2024-07-30T19:00:00,883.49,31.72,,
672,2024-07-30T20:00:00,665.27,32.18,,
673,2024-07-30T21:00:00,263.28,34.05,,
674,2024-07-30T22:00:00,45.44,39.57,,
675,2024-07-30T23:00:00,2.27,42.63,,
676,2024-07-31T00:00:00,0.0,45.42,,
677,2024-07-31T01:00:00,0.0,48.27,,
678,2024-07-31T02:00:00,0.0,48.75,,
679,2024-07-31T03:00:00,0.0,50.93,,
680,2024-07-31T04:00:00,0.0,52.22,,
681,2024-07-31T05:00:00,0.0,52.85,,
682,2024-07-31T06:00:00,0.0,54.27,,
683,2024-07-31T07:00:00,0.0,55.57,,
684,2024-07-31T08:00:00,0.0,54.78,,
685,2024-07-31T09:00:00,0.0,55.47,,
686,2024-07-31T10:00:00,0.0,56.12,,
687,2024-07-31T11:00:00,16.36,56.67,,
688,2024-07-31T12:00:00,120.58,55.58,,
689,2024-07-31T13:00:00,477.66,47.05,,
690,2024-07-31T14:00:00,708.78,37.67,,
691,2024-07-31T15:00:00,876.56,31.87,,
692,2024-07-31T16:00:00,977.95,28.72,,
693,2024-07-31T17:00:00,1010.81,28.77,,
694,2024-07-31T18:00:00,959.99,28.28,,
695,2024-07-31T19:00:00,836.75,29.73,,
696,2024-07-31T20:00:00,641.92,30.32,,
697,2024-07-31T21:00:00,418.27,32.95,,
698,2024-07-31T22:00:00,106.74,36.33,,
699,2024-07-31T23:00:00,2.43,41.6,,
700,2024-08-01T00:00:00,0.0,46.97,,
701,2024-08-01T01:00:00,0.0,48.57,,
702,2024-08-01T02:00:00,0.0,49.3,,
703,2024-08-01T03:00:00,0.0,47.83,,
704,2024-08-01T04:00:00,0.0,46.88,,
705,2024-08-01T05:00:00,0.0,46.27,,
706,2024-08-01T06:00:00,0.0,47.73,,
707,2024-08-01T07:00:00,0.0,51.73,,
708,2024-08-01T08:00:00,0.0,55.88,,
709,2024-08-01T09:00:00,0.0,56.55,,
710,2024-08-01T10:00:00,0.0,55.73,,
711,2024-08-01T11:00:00,9.53,53.89,,
712,2024-08-01T12:00:00,80.18,50.18,,
713,2024-08-01T13:00:00,231.81,46.98,,
714,2024-08-01T14:00:00,393.99,42.4,,
715,2024-08-01T15:00:00,496.44,38.05,,
716,2024-08-01T16:00:00,940.48,35.07,,
717,2024-08-01T17:00:00,934.47,34.98,,
718,2024-08-01T18:00:00,603.0,37.51,,
719,2024-08-01T19:00:00,579.32,37.17,,
720,2024-08-01T20:00:00,474.44,35.5,,
721,2024-08-01T21:00:00,189.05,38.97,,
722,2024-08-01T22:00:00,74.35,42.63,,
723,2024-08-01T23:00:00,3.77,57.73,,
724,2024-08-02T00:00:00,0.0,56.32,,
725,2024-08-02T01:00:00,0.0,55.13,,
726,2024-08-02T02:00:00,0.0,63.28,,
727,2024-08-02T03:00:00,0.0,64.58,,
728,2024-08-02T04:00:00,0.0,65.0,,
729,2024-08-02T05:00:00,0.0,69.65,,
730,2024-08-02T06:00:00,0.0,69.22,,
731,2024-08-02T07:00:00,0.0,60.18,,
732,2024-08-02T08:00:00,0.0,66.02,,
733,2024-08-02T09:00:00,0.0,68.27,,
734,2024-08-02T10:00:00,0.0,70.47,,
735,2024-08-02T11:00:00,9.46,72.02,,
736,2024-08-02T12:00:00,201.44,65.04,,
737,2024-08-02T13:00:00,463.59,53.5,,
738,2024-08-02T14:00:00,676.94,47.48,,
739,2024-08-02T15:00:00,850.66,38.37,,
740,2024-08-02T16:00:00,959.89,37.17,,
741,2024-08-02T17:00:00,807.21,33.7,,
742,2024-08-02T18:00:00,743.94,35.5,,
743,2024-08-02T19:00:00,566.91,42.11,,
744,2024-08-02T20:00:00,572.8,39.08,,
745,2024-08-02T21:00:00,176.34,44.47,,
746,2024-08-02T22:00:00,52.0,57.82,,
747,2024-08-02T23:00:00,3.72,62.85,,
748,2024-08-03T00:00:00,0.0,63.68,,
749,2024-08-03T01:00:00,0.0,64.83,,
750,2024-08-03T02:00:00,0.0,65.68,,
751,2024-08-03T03:00:00,0.0,65.83,,
752,2024-08-03T04:00:00,0.0,69.52,,
753,2024-08-03T05:00:00,0.0,79.63,,
754,2024-08-03T06:00:00,0.0,91.8,,
755,2024-08-03T07:00:00,0.0,97.03,,
756,2024-08-03T08:00:00,0.0,90.88,,
757,2024-08-03T09:00:00,0.0,70.8,,
758,2024-08-03T10:00:00,0.0,71.82,,
759,2024-08-03T11:00:00,13.75,66.92,,
760,2024-08-03T12:00:00,170.04,58.87,,
761,2024-08-03T13:00:00,478.47,54.02,,
762,2024-08-03T14:00:00,695.78,45.3,,
763,2024-08-03T15:00:00,867.09,30.22,,
764,2024-08-03T16:00:00,946.47,29.75,,
765,2024-08-03T17:00:00,980.12,26.23,,
766,2024-08-03T18:00:00,996.92,28.87,,
767,2024-08-03T19:00:00,816.27,35.73,,
768,2024-08-03T20:00:00,647.89,40.72,,
769,2024-08-03T21:00:00,408.37,44.0,,
770,2024-08-03T22:00:00,66.13,51.78,,
771,2024-08-03T23:00:00,3.09,58.08,,
772,2024-08-04T00:00:00,0.0,66.07,,
773,2024-08-04T01:00:00,0.0,79.5,,
774,2024-08-04T02:00:00,0.0,93.58,,
775,2024-08-04T03:00:00,0.0,91.3,,
776,2024-08-04T04:00:00,0.0,94.18,,
777,2024-08-04T05:00:00,0.0,91.23,,
778,2024-08-04T06:00:00,0.0,90.0,,
779,2024-08-04T07:00:00,0.0,92.68,,
780,2024-08-04T08:00:00,0.0,91.0,,
781,2024-08-04T09:00:00,0.0,81.15,,
782,2024-08-04T10:00:00,0.0,75.25,,
783,2024-08-04T11:00:00,12.7,75.3,,
784,2024-08-04T12:00:00,151.66,65.87,,
785,2024-08-04T13:00:00,487.55,54.53,,
786,2024-08-04T14:00:00,691.47,47.4,,
787,2024-08-04T15:00:00,529.25,47.12,,
788,2024-08-04T16:00:00,513.37,41.95,,
789,2024-08-04T17:00:00,221.94,42.57,,
790,2024-08-04T18:00:00,194.31,49.93,,
791,2024-08-04T19:00:00,811.28,47.73,,
792,2024-08-04T20:00:00,548.17,49.38,,
793,2024-08-04T21:00:00,217.32,55.43,,
794,2024-08-04T22:00:00,76.13,61.03,,
795,2024-08-04T23:00:00,11.81,69.58,,
796,2024-08-05T00:00:00,0.0,68.57,,
797,2024-08-05T01:00:00,0.0,88.42,,
798,2024-08-05T02:00:00,0.0,92.73,,
799,2024-08-05T03:00:00,0.0,88.57,,
800,2024-08-05T04:00:00,0.0,94.4,,
801,2024-08-05T05:00:00,0.0,93.92,,
802,2024-08-05T06:00:00,0.0,91.8,,
803,2024-08-05T07:00:00,0.0,81.84,,
804,2024-08-05T08:00:00,0.0,75.43,,
805,2024-08-05T09:00:00,0.0,73.97,,
806,2024-08-05T10:00:00,0.0,78.8,,
807,2024-08-05T11:00:00,15.91,82.58,,
808,2024-08-05T12:00:00,133.97,69.87,,
809,2024-08-05T13:00:00,445.55,59.98,,
810,2024-08-05T14:00:00,700.7,54.15,,
811,2024-08-05T15:00:00,887.6,47.05,,
812,2024-08-05T16:00:00,699.58,42.52,,
813,2024-08-05T17:00:00,802.93,38.09,,
814,2024-08-05T18:00:00,460.6,41.85,,
815,2024-08-05T19:00:00,684.43,49.72,,
816,2024-08-05T20:00:00,708.99,46.47,,
817,2024-08-05T21:00:00,380.68,53.35,,
818,2024-08-05T22:00:00,62.36,68.47,,
819,2024-08-05T23:00:00,6.51,84.68,,
820,2024-08-06T00:00:00,0.0,85.1,,
821,2024-08-06T01:00:00,0.0,85.6,,
822,2024-08-06T02:00:00,0.0,91.18,,
823,2024-08-06T03:00:00,0.0,90.2,,
824,2024-08-06T04:00:00,0.04,99.65,,
825,2024-08-06T05:00:00,0.0,97.84,,
826,2024-08-06T06:00:00,0.0,91.77,,
827,2024-08-06T07:00:00,0.0,89.91,,
828,2024-08-06T08:00:00,0.0,88.77,,
829,2024-08-06T09:00:00,0.0,94.38,,
830,2024-08-06T10:00:00,0.0,94.23,,
831,2024-08-06T11:00:00,8.76,92.37,,
832,2024-08-06T12:00:00,79.83,89.45,,
833,2024-08-06T13:00:00,341.45,75.58,,
834,2024-08-06T14:00:00,624.81,63.2,,
835,2024-08-06T15:00:00,888.17,51.72,,
836,2024-08-06T16:00:00,1046.07,41.01,,
837,2024-08-06T17:00:00,643.32,39.87,,
838,2024-08-06T18:00:00,343.54,36.77,,
839,2024-08-06T19:00:00,453.22,51.75,,
840,2024-08-06T20:00:00,423.53,52.22,,
841,2024-08-06T21:00:00,134.62,56.38,,
842,2024-08-06T22:00:00,50.35,61.78,,
843,2024-08-06T23:00:00,3.21,67.52,,
844,2024-08-07T00:00:00,0.0,73.92,,
845,2024-08-07T01:00:00,0.0,84.67,,
846,2024-08-07T02:00:00,0.0,87.28,,
847,2024-08-07T03:00:00,0.0,93.68,,
848,2024-08-07T04:00:00,0.0,93.08,,
849,2024-08-07T05:00:00,0.0,92.49,,
850,2024-08-07T06:00:00,0.02,91.65,,
851,2024-08-07T07:00:00,0.06,89.18,,
852,2024-08-07T08:00:00,0.13,92.43,,
853,2024-08-07T09:00:00,0.01,90.65,,
854,2024-08-07T10:00:00,0.0,92.7,,
855,2024-08-07T11:00:00,12.12,90.65,,
856,2024-08-07T12:00:00,112.17,69.35,,
857,2024-08-07T13:00:00,485.38,67.7,,
858,2024-08-07T14:00:00,706.46,50.65,,
859,2024-08-07T15:00:00,869.19,41.19,,
860,2024-08-07T16:00:00,922.16,40.6,,
861,2024-08-07T17:00:00,614.68,35.37,,
862,2024-08-07T18:00:00,679.32,32.75,,
863,2024-08-07T19:00:00,453.77,34.4,,
864,2024-08-07T20:00:00,326.36,45.98,,
865,2024-08-07T21:00:00,101.25,61.45,,
866,2024-08-07T22:00:00,65.61,81.82,,
867,2024-08-07T23:00:00,10.56,78.08,,
868,2024-08-08T00:00:00,0.37,82.77,,
869,2024-08-08T01:00:00,0.4,79.23,,
870,2024-08-08T02:00:00,0.05,80.12,,
871,2024-08-08T03:00:00,0.0,90.73,,
872,2024-08-08T04:00:00,0.0,89.78,,
873,2024-08-08T05:00:00,0.0,85.15,,
874,2024-08-08T06:00:00,0.0,84.9,,
875,2024-08-08T07:00:00,0.0,85.47,,
876,2024-08-08T08:00:00,0.0,83.4,,
877,2024-08-08T09:00:00,0.0,81.97,,
878,2024-08-08T10:00:00,0.0,81.88,,
879,2024-08-08T11:00:00,11.94,80.48,,
880,2024-08-08T12:00:00,130.0,69.89,,
881,2024-08-08T13:00:00,465.41,57.37,,
882,2024-08-08T14:00:00,689.59,46.22,,
883,2024-08-08T15:00:00,874.64,37.34,,
884,2024-08-08T16:00:00,908.39,35.93,,
885,2024-08-08T17:00:00,1018.08,29.5,,
886,2024-08-08T18:00:00,880.83,27.17,,
887,2024-08-08T19:00:00,329.67,30.58,,
888,2024-08-08T20:00:00,712.25,39.23,,
889,2024-08-08T21:00:00,406.6,42.92,,
890,2024-08-08T22:00:00,99.61,47.42,,
891,2024-08-08T23:00:00,2.79,52.65,,
892,2024-08-09T00:00:00,0.0,54.82,,
893,2024-08-09T01:00:00,0.0,58.17,,
894,2024-08-09T02:00:00,0.0,60.23,,
895,2024-08-09T03:00:00,0.0,61.68,,
896,2024-08-09T04:00:00,0.0,60.3,,
897,2024-08-09T05:00:00,0.0,58.62,,
898,2024-08-09T06:00:00,0.0,61.42,,
899,2024-08-09T07:00:00,0.0,63.35,,
900,2024-08-09T08:00:00,0.0,67.69,,
901,2024-08-09T09:00:00,0.0,67.66,,
902,2024-08-09T10:00:00,0.0,70.4,,
903,2024-08-09T11:00:00,14.72,70.64,,
904,2024-08-09T12:00:00,148.99,61.65,,
905,2024-08-09T13:00:00,462.43,48.62,,
906,2024-08-09T14:00:00,440.37,47.52,,
907,2024-08-09T15:00:00,302.56,47.53,,
908,2024-08-09T16:00:00,359.57,49.38,,
909,2024-08-09T17:00:00,261.2,45.8,,
910,2024-08-09T18:00:00,139.82,54.45,,
911,2024-08-09T19:00:00,59.06,73.73,,
912,2024-08-09T20:00:00,48.45,82.37,,
913,2024-08-09T21:00:00,58.38,84.0,,
914,2024-08-09T22:00:00,46.59,79.38,,
915,2024-08-09T23:00:00,3.52,69.02,,
916,2024-08-10T00:00:00,0.0,70.88,,
917,2024-08-10T01:00:00,0.09,71.32,,
918,2024-08-10T02:00:00,0.01,69.82,,
919,2024-08-10T03:00:00,0.0,70.3,,
920,2024-08-10T04:00:00,0.03,68.85,,
921,2024-08-10T05:00:00,0.0,69.8,,
922,2024-08-10T06:00:00,0.0,68.6,,
923,2024-08-10T07:00:00,0.0,76.15,,
924,2024-08-10T08:00:00,0.0,77.92,,
925,2024-08-10T09:00:00,0.0,77.69,,
926,2024-08-10T10:00:00,0.0,78.2,,
927,2024-08-10T11:00:00,14.43,77.4,,
928,2024-08-10T12:00:00,90.65,71.5,,
929,2024-08-10T13:00:00,177.37,64.95,,
930,2024-08-10T14:00:00,326.38,63.15,,
931,2024-08-10T15:00:00,599.92,57.53,,
932,2024-08-10T16:00:00,970.28,45.1,,
933,2024-08-10T17:00:00,1009.32,40.17,,
934,2024-08-10T18:00:00,446.73,42.62,,
935,2024-08-10T19:00:00,654.18,39.97,,
936,2024-08-10T20:00:00,325.43,45.55,,
937,2024-08-10T21:00:00,138.84,56.92,,
938,2024-08-10T22:00:00,27.65,61.57,,
939,2024-08-10T23:00:00,1.0,67.57,,
940,2024-08-11T00:00:00,0.0,79.23,,
941,2024-08-11T01:00:00,0.0,83.98,,
942,2024-08-11T02:00:00,0.0,83.45,,
943,2024-08-11T03:00:00,0.0,84.82,,
944,2024-08-11T04:00:00,0.0,91.82,,
945,2024-08-11T05:00:00,0.0,93.57,,
946,2024-08-11T06:00:00,0.0,94.52,,
947,2024-08-11T07:00:00,0.0,96.92,,
948,2024-08-11T08:00:00,0.0,95.6,,
949,2024-08-11T09:00:00,0.0,83.0,,
950,2024-08-11T10:00:00,0.0,74.07,,
951,2024-08-11T11:00:00,11.51,79.76,,
952,2024-08-11T12:00:00,97.37,68.25,,
953,2024-08-11T13:00:00,262.03,59.02,,
954,2024-08-11T14:00:00,514.23,51.75,,
955,2024-08-11T15:00:00,922.31,44.8,,
956,2024-08-11T16:00:00,928.75,39.03,,
957,2024-08-11T17:00:00,576.41,38.69,,
958,2024-08-11T18:00:00,300.51,41.63,,
959,2024-08-11T19:00:00,342.08,40.19,,
960,2024-08-11T20:00:00,342.27,38.9,,
961,2024-08-11T21:00:00,128.62,40.53,,
962,2024-08-11T22:00:00,52.69,57.75,,
963,2024-08-11T23:00:00,4.11,71.22,,
964,2024-08-12T00:00:00,0.0,66.57,,
965,2024-08-12T01:00:00,0.0,68.28,,
966,2024-08-12T02:00:00,0.0,68.83,,
967,2024-08-12T03:00:00,0.0,73.1,,
968,2024-08-12T04:00:00,0.0,80.24,,
969,2024-08-12T05:00:00,0.0,89.77,,
970,2024-08-12T06:00:00,0.0,90.07,,
971,2024-08-12T07:00:00,0.0,91.2,,
972,2024-08-12T08:00:00,0.0,94.47,,
973,2024-08-12T09:00:00,0.0,92.31,,
974,2024-08-12T10:00:00,0.0,91.0,,
975,2024-08-12T11:00:00,12.83,90.47,,
976,2024-08-12T12:00:00,112.66,71.27,,
977,2024-08-12T13:00:00,375.44,57.32,,
978,2024-08-12T14:00:00,710.4,40.77,,
979,2024-08-12T15:00:00,706.47,41.03,,
980,2024-08-12T16:00:00,1121.58,37.95,,
981,2024-08-12T17:00:00,1165.97,30.83,,
982,2024-08-12T18:00:00,543.22,34.18,,
983,2024-08-12T19:00:00,260.97,39.37,,
984,2024-08-12T20:00:00,203.76,38.89,,
985,2024-08-12T21:00:00,154.02,39.67,,
986,2024-08-12T22:00:00,57.72,41.18,,
987,2024-08-12T23:00:00,5.41,43.87,,
988,2024-08-13T00:00:00,0.0,44.73,,
989,2024-08-13T01:00:00,0.0,43.65,,
990,2024-08-13T02:00:00,0.0,46.45,,
991,2024-08-13T03:00:00,0.0,51.12,,
992,2024-08-13T04:00:00,0.0,52.62,,
993,2024-08-13T05:00:00,0.0,55.29,,
994,2024-08-13T06:00:00,0.0,57.57,,
995,2024-08-13T07:00:00,0.0,56.47,,
996,2024-08-13T08:00:00,0.0,57.11,,
997,2024-08-13T09:00:00,0.0,57.33,,
998,2024-08-13T10:00:00,0.0,56.91,,
999,2024-08-13T11:00:00,15.31,55.38,,
1000,2024-08-13T12:00:00,191.38,50.48,,
1001,2024-08-13T13:00:00,259.76,46.95,,
1002,2024-08-13T14:00:00,767.25,43.4,,
1003,2024-08-13T15:00:00,1026.92,37.61,,
1004,2024-08-13T16:00:00,1034.29,31.48,,
1005,2024-08-13T17:00:00,1060.01,27.7,,
1006,2024-08-13T18:00:00,767.99,27.0,,
1007,2024-08-13T19:00:00,645.38,28.15,,
1008,2024-08-13T20:00:00,642.14,29.57,,
1009,2024-08-13T21:00:00,415.97,32.53,,
1010,2024-08-13T22:00:00,110.5,35.2,,
1011,2024-08-13T23:00:00,8.08,37.62,,
1012,2024-08-14T00:00:00,0.0,42.47,,
1013,2024-08-14T01:00:00,0.0,45.47,,
1014,2024-08-14T02:00:00,0.0,46.83,,
1015,2024-08-14T03:00:00,0.0,47.89,,
1016,2024-08-14T04:00:00,0.0,51.38,,
1017,2024-08-14T05:00:00,0.0,51.8,,
1018,2024-08-14T06:00:00,0.0,53.28,,
1019,2024-08-14T07:00:00,0.0,55.27,,
1020,2024-08-14T08:00:00,0.0,56.04,,
1021,2024-08-14T09:00:00,0.0,56.93,,
1022,2024-08-14T10:00:00,0.0,58.78,,
1023,2024-08-14T11:00:00,9.89,62.42,,
1024,2024-08-14T12:00:00,242.06,53.18,,
1025,2024-08-14T13:00:00,377.11,47.02,,
1026,2024-08-14T14:00:00,821.27,39.99,,
1027,2024-08-14T15:00:00,939.5,36.03,,
1028,2024-08-14T16:00:00,962.08,33.8,,
1029,2024-08-14T17:00:00,533.21,33.25,,
1030,2024-08-14T18:00:00,351.44,33.15,,
1031,2024-08-14T19:00:00,338.84,35.25,,
1032,2024-08-14T20:00:00,509.81,35.98,,
1033,2024-08-14T21:00:00,180.05,40.17,,
1034,2024-08-14T22:00:00,65.73,42.13,,
1035,2024-08-14T23:00:00,5.51,47.33,,
1036,2024-08-15T00:00:00,0.0,49.03,,
1037,2024-08-15T01:00:00,0.0,49.32,,
1038,2024-08-15T02:00:00,0.0,48.05,,
1039,2024-08-15T03:00:00,0.0,48.72,,
1040,2024-08-15T04:00:00,0.0,47.38,,
1041,2024-08-15T05:00:00,0.0,53.82,,
1042,2024-08-15T06:00:00,0.0,53.55,,
1043,2024-08-15T07:00:00,0.0,57.52,,
1044,2024-08-15T08:00:00,0.0,62.88,,
1045,2024-08-15T09:00:00,0.02,65.48,,
1046,2024-08-15T10:00:00,0.09,65.75,,
1047,2024-08-15T11:00:00,13.57,66.77,,
1048,2024-08-15T12:00:00,191.72,53.03,,
1049,2024-08-15T13:00:00,449.88,42.73,,
1050,2024-08-15T14:00:00,753.09,40.22,,
1051,2024-08-15T15:00:00,942.22,38.22,,
1052,2024-08-15T16:00:00,863.09,33.97,,
1053,2024-08-15T17:00:00,965.02,33.82,,
1054,2024-08-15T18:00:00,1008.12,33.23,,
1055,2024-08-15T19:00:00,778.49,33.05,,
1056,2024-08-15T20:00:00,697.22,33.97,,
1057,2024-08-15T21:00:00,448.6,35.88,,
1058,2024-08-15T22:00:00,51.86,41.72,,
1059,2024-08-15T23:00:00,3.41,45.38,,
1060,2024-08-16T00:00:00,0.0,47.4,,
1061,2024-08-16T01:00:00,0.0,46.7,,
1062,2024-08-16T02:00:00,0.0,46.85,,
1063,2024-08-16T03:00:00,0.0,49.32,,
1064,2024-08-16T04:00:00,0.0,49.57,,
1065,2024-08-16T05:00:00,0.0,51.33,,
1066,2024-08-16T06:00:00,0.0,49.48,,
1067,2024-08-16T07:00:00,0.0,48.75,,
1068,2024-08-16T08:00:00,0.0,50.23,,
1069,2024-08-16T09:00:00,0.0,52.53,,
1070,2024-08-16T10:00:00,0.0,51.38,,
1071,2024-08-16T11:00:00,24.99,51.15,,
1072,2024-08-16T12:00:00,259.78,44.85,,
1073,2024-08-16T13:00:00,481.59,40.03,,
1074,2024-08-16T14:00:00,774.19,36.38,,
1075,2024-08-16T15:00:00,1031.25,33.93,,
1076,2024-08-16T16:00:00,1004.89,32.93,,
1077,2024-08-16T17:00:00,721.22,34.97,,
1078,2024-08-16T18:00:00,932.61,34.05,,
1079,2024-08-16T19:00:00,733.04,35.3,,
1080,2024-08-16T20:00:00,447.34,34.77,,
1081,2024-08-16T21:00:00,221.24,36.32,,
1082,2024-08-16T22:00:00,54.32,39.6,,
1083,2024-08-16T23:00:00,2.39,41.53,,
1084,2024-08-17T00:00:00,0.0,42.93,,
1085,2024-08-17T01:00:00,0.0,46.75,,
1086,2024-08-17T02:00:00,0.0,47.13,,
1087,2024-08-17T03:00:00,0.0,46.95,,
1088,2024-08-17T04:00:00,0.0,50.13,,
1089,2024-08-17T05:00:00,0.0,51.9,,
1090,2024-08-17T06:00:00,0.0,53.52,,
1091,2024-08-17T07:00:00,0.0,51.4,,
1092,2024-08-17T08:00:00,0.0,52.73,,
1093,2024-08-17T09:00:00,0.0,52.77,,
1094,2024-08-17T10:00:00,0.0,52.73,,
1095,2024-08-17T11:00:00,17.91,51.7,,
1096,2024-08-17T12:00:00,255.32,46.62,,
1097,2024-08-17T13:00:00,456.32,40.7,,
1098,2024-08-17T14:00:00,711.45,35.47,,
1099,2024-08-17T15:00:00,919.7,30.4,,
1100,2024-08-17T16:00:00,1022.16,28.32,,
1101,2024-08-17T17:00:00,1062.96,28.65,,
1102,2024-08-17T18:00:00,994.92,30.77,,
1103,2024-08-17T19:00:00,592.88,31.87,,
1104,2024-08-17T20:00:00,196.04,35.35,,
1105,2024-08-17T21:00:00,77.89,36.85,,
1106,2024-08-17T22:00:00,33.48,40.12,,
1107,2024-08-17T23:00:00,2.66,40.9,,
1108,2024-08-18T00:00:00,0.0,42.95,,
1109,2024-08-18T01:00:00,0.0,45.28,,
1110,2024-08-18T02:00:00,0.0,49.5,,
1111,2024-08-18T03:00:00,0.0,50.05,,
1112,2024-08-18T04:00:00,0.0,50.17,,
1113,2024-08-18T05:00:00,0.0,51.57,,
1114,2024-08-18T06:00:00,0.0,50.53,,
1115,2024-08-18T07:00:00,0.0,49.95,,
1116,2024-08-18T08:00:00,0.0,50.8,,
1117,2024-08-18T09:00:00,0.0,51.05,,
1118,2024-08-18T10:00:00,0.0,49.85,,
1119,2024-08-18T11:00:00,12.29,50.7,,
1120,2024-08-18T12:00:00,251.52,47.12,,
1121,2024-08-18T13:00:00,460.84,40.38,,
1122,2024-08-18T14:00:00,719.7,34.12,,
1123,2024-08-18T15:00:00,918.8,30.62,,
1124,2024-08-18T16:00:00,1025.21,27.28,,
1125,2024-08-18T17:00:00,1057.37,26.62,,
1126,2024-08-18T18:00:00,1020.46,29.5,,
1127,2024-08-18T19:00:00,563.07,25.15,,
1128,2024-08-18T20:00:00,675.38,22.45,,
1129,2024-08-18T21:00:00,408.03,28.2,,
1130,2024-08-18T22:00:00,106.44,40.13,,
1131,2024-08-18T23:00:00,2.12,44.45,,
1132,2024-08-19T00:00:00,0.0,43.73,,
1133,2024-08-19T01:00:00,0.0,44.98,,
1134,2024-08-19T02:00:00,0.0,45.38,,
1135,2024-08-19T03:00:00,0.0,46.32,,
1136,2024-08-19T04:00:00,0.0,48.25,,
1137,2024-08-19T05:00:00,0.0,50.58,,
1138,2024-08-19T06:00:00,0.0,47.18,,
1139,2024-08-19T07:00:00,0.0,47.02,,
1140,2024-08-19T08:00:00,0.0,47.68,,
1141,2024-08-19T09:00:00,0.0,46.72,,
1142,2024-08-19T10:00:00,0.0,47.4,,
1143,2024-08-19T11:00:00,12.2,47.32,,
1144,2024-08-19T12:00:00,249.94,41.59,,
1145,2024-08-19T13:00:00,460.67,30.7,,
1146,2024-08-19T14:00:00,727.14,27.47,,
1147,2024-08-19T15:00:00,920.37,27.27,,
1148,2024-08-19T16:00:00,1049.48,27.87,,
1149,2024-08-19T17:00:00,861.66,31.22,,
1150,2024-08-19T18:00:00,917.8,31.23,,
1151,2024-08-19T19:00:00,883.36,30.78,,
1152,2024-08-19T20:00:00,307.79,36.38,,
1153,2024-08-19T21:00:00,261.53,40.8,,
1154,2024-08-19T22:00:00,72.51,40.88,,
1155,2024-08-19T23:00:00,3.1,43.43,,
1156,2024-08-20T00:00:00,0.0,44.17,,
1157,2024-08-20T01:00:00,0.0,44.03,,
1158,2024-08-20T02:00:00,0.0,43.02,,
1159,2024-08-20T03:00:00,0.0,43.22,,
1160,2024-08-20T04:00:00,0.0,47.2,,
1161,2024-08-20T05:00:00,0.0,48.15,,
1162,2024-08-20T06:00:00,0.0,48.9,,
1163,2024-08-20T07:00:00,0.0,50.9,,
1164,2024-08-20T08:00:00,0.0,51.78,,
1165,2024-08-20T09:00:00,0.0,53.75,,
1166,2024-08-20T10:00:00,0.0,54.62,,
1167,2024-08-20T11:00:00,23.27,55.73,,
1168,2024-08-20T12:00:00,158.62,51.77,,
1169,2024-08-20T13:00:00,476.98,39.83,,
1170,2024-08-20T14:00:00,712.83,39.23,,
1171,2024-08-20T15:00:00,938.28,34.78,,
1172,2024-08-20T16:00:00,1046.0,32.65,,
1173,2024-08-20T17:00:00,1054.89,31.1,,
1174,2024-08-20T18:00:00,754.62,30.75,,
1175,2024-08-20T19:00:00,250.53,36.83,,
1176,2024-08-20T20:00:00,306.66,38.55,,
1177,2024-08-20T21:00:00,155.57,40.13,,
1178,2024-08-20T22:00:00,52.87,39.58,,
1179,2024-08-20T23:00:00,1.77,43.28,,
1180,2024-08-21T00:00:00,0.0,47.37,,
1181,2024-08-21T01:00:00,0.0,52.05,,
1182,2024-08-21T02:00:00,0.08,51.3,,
1183,2024-08-21T03:00:00,0.0,49.33,,
1184,2024-08-21T04:00:00,0.0,52.08,,
1185,2024-08-21T05:00:00,0.0,53.42,,
1186,2024-08-21T06:00:00,0.0,51.42,,
1187,2024-08-21T07:00:00,0.0,52.45,,
1188,2024-08-21T08:00:00,0.0,55.75,,
1189,2024-08-21T09:00:00,0.0,58.43,,
1190,2024-08-21T10:00:00,0.0,60.78,,
1191,2024-08-21T11:00:00,19.03,60.55,,
1192,2024-08-21T12:00:00,214.43,50.67,,
1193,2024-08-21T13:00:00,483.13,40.78,,
1194,2024-08-21T14:00:00,640.32,37.98,,
1195,2024-08-21T15:00:00,548.87,38.26,,
1196,2024-08-21T16:00:00,801.13,36.73,,
1197,2024-08-21T17:00:00,1015.88,35.38,,
1198,2024-08-21T18:00:00,1020.63,34.18,,
1199,2024-08-21T19:00:00,510.63,37.1,,
1200,2024-08-21T20:00:00,226.87,38.58,,
1201,2024-08-21T21:00:00,99.5,39.92,,
1202,2024-08-21T22:00:00,27.89,41.03,,
1203,2024-08-21T23:00:00,0.72,44.92,,
1204,2024-08-22T00:00:00,0.0,48.08,,
1205,2024-08-22T01:00:00,0.0,54.4,,
1206,2024-08-22T02:00:00,0.0,60.38,,
1207,2024-08-22T03:00:00,0.0,56.83,,
1208,2024-08-22T04:00:00,0.0,62.32,,
1209,2024-08-22T05:00:00,0.0,60.15,,
1210,2024-08-22T06:00:00,0.01,62.88,,
1211,2024-08-22T07:00:00,0.0,64.12,,
1212,2024-08-22T08:00:00,0.0,65.53,,
1213,2024-08-22T09:00:00,0.0,68.6,,
1214,2024-08-22T10:00:00,0.0,65.52,,
1215,2024-08-22T11:00:00,14.24,65.23,,
1216,2024-08-22T12:00:00,244.07,53.53,,
1217,2024-08-22T13:00:00,521.36,39.72,,
1218,2024-08-22T14:00:00,667.49,36.65,,
1219,2024-08-22T15:00:00,878.71,31.6,,
1220,2024-08-22T16:00:00,816.9,32.1,,
1221,2024-08-22T17:00:00,900.77,30.45,,
1222,2024-08-22T18:00:00,672.49,30.33,,
1223,2024-08-22T19:00:00,607.2,29.45,,
1224,2024-08-22T20:00:00,196.0,34.78,,
1225,2024-08-22T21:00:00,66.77,39.32,,
1226,2024-08-22T22:00:00,65.93,46.58,,
1227,2024-08-22T23:00:00,2.97,69.3,,
1228,2024-08-23T00:00:00,0.0,69.48,,
1229,2024-08-23T01:00:00,0.0,68.07,,
1230,2024-08-23T02:00:00,0.0,66.93,,
1231,2024-08-23T03:00:00,0.0,81.53,,
1232,2024-08-23T04:00:00,0.0,74.88,,
1233,2024-08-23T05:00:00,0.0,58.77,,
1234,2024-08-23T06:00:00,0.0,55.24,,
1235,2024-08-23T07:00:00,0.0,60.12,,
1236,2024-08-23T08:00:00,0.0,61.9,,
1237,2024-08-23T09:00:00,0.1,59.22,,
1238,2024-08-23T10:00:00,0.0,54.95,,
1239,2024-08-23T11:00:00,22.82,54.78,,
1240,2024-08-23T12:00:00,148.14,47.9,,
1241,2024-08-23T13:00:00,336.69,41.91,,
1242,2024-08-23T14:00:00,648.17,37.83,,
1243,2024-08-23T15:00:00,823.71,36.02,,
1244,2024-08-23T16:00:00,396.36,36.53,,
1245,2024-08-23T17:00:00,911.22,31.53,,
1246,2024-08-23T18:00:00,784.77,30.83,,
1247,2024-08-23T19:00:00,298.08,34.32,,
1248,2024-08-23T20:00:00,320.39,34.44,,
1249,2024-08-23T21:00:00,118.45,50.67,,
1250,2024-08-23T22:00:00,37.22,58.37,,
1251,2024-08-23T23:00:00,1.71,67.5,,
1252,2024-08-24T00:00:00,0.0,82.57,,
1253,2024-08-24T01:00:00,0.0,81.13,,
1254,2024-08-24T02:00:00,0.0,82.22,,
1255,2024-08-24T03:00:00,0.0,92.2,,
1256,2024-08-24T04:00:00,0.0,83.75,,
1257,2024-08-24T05:00:00,0.0,83.42,,
1258,2024-08-24T06:00:00,0.0,85.9,,
1259,2024-08-24T07:00:00,0.0,80.13,,
1260,2024-08-24T08:00:00,0.0,76.25,,
1261,2024-08-24T09:00:00,0.0,80.37,,
1262,2024-08-24T10:00:00,0.0,77.17,,
1263,2024-08-24T11:00:00,25.77,65.5,,
1264,2024-08-24T12:00:00,139.7,57.38,,
1265,2024-08-24T13:00:00,504.3,50.52,,
1266,2024-08-24T14:00:00,452.97,46.65,,
1267,2024-08-24T15:00:00,328.0,46.5,,
1268,2024-08-24T16:00:00,493.1,41.72,,
1269,2024-08-24T17:00:00,555.38,36.06,,
1270,2024-08-24T18:00:00,374.87,35.75,,
1271,2024-08-24T19:00:00,481.51,34.93,,
1272,2024-08-24T20:00:00,186.45,41.28,,
1273,2024-08-24T21:00:00,98.24,44.23,,
1274,2024-08-24T22:00:00,45.49,55.17,,
1275,2024-08-24T23:00:00,3.27,57.1,,
1276,2024-08-25T00:00:00,0.0,59.4,,
1277,2024-08-25T01:00:00,0.0,63.58,,
1278,2024-08-25T02:00:00,0.0,65.4,,
1279,2024-08-25T03:00:00,0.0,75.4,,
1280,2024-08-25T04:00:00,0.0,90.88,,
1281,2024-08-25T05:00:00,0.0,94.15,,
1282,2024-08-25T06:00:00,0.0,90.08,,
1283,2024-08-25T07:00:00,0.0,87.53,,
1284,2024-08-25T08:00:00,0.0,92.03,,
1285,2024-08-25T09:00:00,0.0,92.44,,
1286,2024-08-25T10:00:00,0.0,89.28,,
1287,2024-08-25T11:00:00,17.13,93.9,,
1288,2024-08-25T12:00:00,255.57,77.02,,
1289,2024-08-25T13:00:00,522.28,48.85,,
1290,2024-08-25T14:00:00,551.81,39.11,,
1291,2024-08-25T15:00:00,688.2,32.98,,
1292,2024-08-25T16:00:00,1052.73,25.73,,
1293,2024-08-25T17:00:00,636.87,26.22,,
1294,2024-08-25T18:00:00,323.31,30.08,,
1295,2024-08-25T19:00:00,392.36,39.42,,
1296,2024-08-25T20:00:00,63.74,54.87,,
1297,2024-08-25T21:00:00,45.4,49.0,,
1298,2024-08-25T22:00:00,59.75,60.28,,
1299,2024-08-25T23:00:00,1.17,60.25,,
1300,2024-08-26T00:00:00,0.0,61.38,,
1301,2024-08-26T01:00:00,0.0,62.37,,
1302,2024-08-26T02:00:00,0.0,55.98,,
1303,2024-08-26T03:00:00,0.0,51.57,,
1304,2024-08-26T04:00:00,0.0,50.23,,
1305,2024-08-26T05:00:00,0.0,55.42,,
1306,2024-08-26T06:00:00,0.0,52.8,,
1307,2024-08-26T07:00:00,0.0,53.02,,
1308,2024-08-26T08:00:00,0.0,55.3,,
1309,2024-08-26T09:00:00,0.0,55.9,,
1310,2024-08-26T10:00:00,0.0,59.73,,
1311,2024-08-26T11:00:00,32.52,64.64,,
1312,2024-08-26T12:00:00,227.28,55.67,,
1313,2024-08-26T13:00:00,402.35,45.82,,
1314,2024-08-26T14:00:00,580.97,41.37,,
1315,2024-08-26T15:00:00,840.18,37.57,,
1316,2024-08-26T16:00:00,1062.96,35.23,,
1317,2024-08-26T17:00:00,435.8,38.63,,
1318,2024-08-26T18:00:00,717.87,37.65,,
1319,2024-08-26T19:00:00,779.03,33.2,,
1320,2024-08-26T20:00:00,391.79,36.0,,
1321,2024-08-26T21:00:00,156.12,37.57,,
1322,2024-08-26T22:00:00,45.64,47.43,,
1323,2024-08-26T23:00:00,1.4,45.95,,
1324,2024-08-27T00:00:00,0.0,47.47,,
1325,2024-08-27T01:00:00,0.0,50.48,,
1326,2024-08-27T02:00:00,0.0,54.55,,
1327,2024-08-27T03:00:00,0.0,62.87,,
1328,2024-08-27T04:00:00,0.0,61.23,,
1329,2024-08-27T05:00:00,0.0,61.3,,
1330,2024-08-27T06:00:00,0.0,60.3,,
1331,2024-08-27T07:00:00,0.0,58.45,,
1332,2024-08-27T08:00:00,0.0,63.45,,
1333,2024-08-27T09:00:00,0.0,61.65,,
1334,2024-08-27T10:00:00,0.0,60.62,,
1335,2024-08-27T11:00:00,14.53,60.38,,
1336,2024-08-27T12:00:00,74.48,56.52,,
1337,2024-08-27T13:00:00,223.6,48.97,,
1338,2024-08-27T14:00:00,635.25,40.7,,
1339,2024-08-27T15:00:00,882.38,35.43,,
1340,2024-08-27T16:00:00,971.23,34.38,,
1341,2024-08-27T17:00:00,974.04,31.03,,
1342,2024-08-27T18:00:00,864.85,30.32,,
1343,2024-08-27T19:00:00,647.46,29.9,,
1344,2024-08-27T20:00:00,225.67,33.23,,
1345,2024-08-27T21:00:00,107.8,36.1,,
1346,2024-08-27T22:00:00,33.84,38.84,,
1347,2024-08-27T23:00:00,0.8,45.1,,
1348,2024-08-28T00:00:00,0.0,47.07,,
1349,2024-08-28T01:00:00,0.0,49.87,,
1350,2024-08-28T02:00:00,0.0,48.5,,
1351,2024-08-28T03:00:00,0.0,42.32,,
1352,2024-08-28T04:00:00,0.0,40.05,,
1353,2024-08-28T05:00:00,0.0,40.83,,
1354,2024-08-28T06:00:00,0.0,42.53,,
1355,2024-08-28T07:00:00,0.0,43.17,,
1356,2024-08-28T08:00:00,0.0,43.07,,
1357,2024-08-28T09:00:00,0.0,41.98,,
1358,2024-08-28T10:00:00,0.0,40.43,,
1359,2024-08-28T11:00:00,11.69,39.62,,
1360,2024-08-28T12:00:00,266.49,36.43,,
1361,2024-08-28T13:00:00,540.23,31.3,,
1362,2024-08-28T14:00:00,690.95,26.0,,
1363,2024-08-28T15:00:00,941.08,24.13,,
1364,2024-08-28T16:00:00,1040.78,21.9,,
1365,2024-08-28T17:00:00,1066.67,21.97,,
1366,2024-08-28T18:00:00,1015.58,22.3,,
1367,2024-08-28T19:00:00,885.03,22.8,,
1368,2024-08-28T20:00:00,615.73,25.0,,
1369,2024-08-28T21:00:00,254.25,28.4,,
1370,2024-08-28T22:00:00,43.56,38.57,,
1371,2024-08-28T23:00:00,1.57,43.5,,
1372,2024-08-29T00:00:00,0.0,47.22,,
1373,2024-08-29T01:00:00,0.0,46.9,,
1374,2024-08-29T02:00:00,0.0,46.43,,
1375,2024-08-29T03:00:00,0.0,47.28,,
1376,2024-08-29T04:00:00,0.0,48.48,,
1377,2024-08-29T05:00:00,0.0,47.73,,
1378,2024-08-29T06:00:00,0.0,48.82,,
1379,2024-08-29T07:00:00,0.0,47.23,,
1380,2024-08-29T08:00:00,0.0,46.98,,
1381,2024-08-29T09:00:00,0.0,48.38,,
1382,2024-08-29T10:00:00,0.0,48.55,,
1383,2024-08-29T11:00:00,13.27,44.95,,
1384,2024-08-29T12:00:00,268.69,39.2,,
1385,2024-08-29T13:00:00,540.62,31.88,,
1386,2024-08-29T14:00:00,734.87,27.03,,
1387,2024-08-29T15:00:00,936.94,24.07,,
1388,2024-08-29T16:00:00,1032.91,22.17,,
1389,2024-08-29T17:00:00,1065.47,19.78,,
1390,2024-08-29T18:00:00,718.03,20.8,,
1391,2024-08-29T19:00:00,279.05,28.08,,
1392,2024-08-29T20:00:00,226.99,36.59,,
1393,2024-08-29T21:00:00,99.6,43.73,,
1394,2024-08-29T22:00:00,15.61,50.5,,
1395,2024-08-29T23:00:00,1.38,50.48,,
1396,2024-08-30T00:00:00,0.0,51.73,,
1397,2024-08-30T01:00:00,0.0,51.52,,
1398,2024-08-30T02:00:00,0.0,45.03,,
1399,2024-08-30T03:00:00,0.0,47.38,,
1400,2024-08-30T04:00:00,0.0,47.07,,
1401,2024-08-30T05:00:00,0.0,49.4,,
1402,2024-08-30T06:00:00,0.0,45.15,,
1403,2024-08-30T07:00:00,0.0,41.03,,
1404,2024-08-30T08:00:00,0.0,38.69,,
1405,2024-08-30T09:00:00,0.0,39.13,,
1406,2024-08-30T10:00:00,0.0,35.55,,
1407,2024-08-30T11:00:00,17.66,33.68,,
1408,2024-08-30T12:00:00,274.06,29.05,,
1409,2024-08-30T13:00:00,533.92,26.03,,
1410,2024-08-30T14:00:00,743.09,22.25,,
1411,2024-08-30T15:00:00,944.5,20.5,,
1412,2024-08-30T16:00:00,1039.5,19.87,,
1413,2024-08-30T17:00:00,1064.92,17.43,,
1414,2024-08-30T18:00:00,1000.41,17.4,,
1415,2024-08-30T19:00:00,778.72,18.72,,
1416,2024-08-30T20:00:00,226.77,24.2,,
1417,2024-08-30T21:00:00,297.2,26.08,,
1418,2024-08-30T22:00:00,96.63,28.53,,
1419,2024-08-30T23:00:00,1.69,33.07,,
1420,2024-08-31T00:00:00,0.0,38.65,,
1421,2024-08-31T01:00:00,0.0,43.17,,
1422,2024-08-31T02:00:00,0.0,45.18,,
1423,2024-08-31T03:00:00,0.0,46.53,,
1424,2024-08-31T04:00:00,0.0,46.22,,
1425,2024-08-31T05:00:00,0.0,46.27,,
1426,2024-08-31T06:00:00,0.0,45.42,,
1427,2024-08-31T07:00:00,0.0,43.93,,
1428,2024-08-31T08:00:00,0.0,42.02,,
1429,2024-08-31T09:00:00,0.0,42.75,,
1430,2024-08-31T10:00:00,0.0,43.63,,
1431,2024-08-31T11:00:00,15.98,43.8,,
1432,2024-08-31T12:00:00,271.11,39.88,,
1433,2024-08-31T13:00:00,545.51,34.45,,
1434,2024-08-31T14:00:00,736.63,29.33,,
1435,2024-08-31T15:00:00,939.75,24.53,,
1436,2024-08-31T16:00:00,1041.43,19.63,,
1437,2024-08-31T17:00:00,1054.6,17.88,,
1438,2024-08-31T18:00:00,999.28,18.6,,
1439,2024-08-31T19:00:00,393.12,21.32,,
1440,2024-08-31T20:00:00,298.16,34.75,,
1441,2024-08-31T21:00:00,126.59,36.72,,
1442,2024-08-31T22:00:00,43.14,45.1,,
1443,2024-08-31T23:00:00,0.66,44.45,,
1444,2024-09-01T00:00:00,0.0,50.28,,
1445,2024-09-01T01:00:00,0.0,58.37,,
1446,2024-09-01T02:00:00,0.0,67.38,,
1447,2024-09-01T03:00:00,0.0,52.8,,
1448,2024-09-01T04:00:00,0.0,49.67,,
1449,2024-09-01T05:00:00,0.0,50.1,,
1450,2024-09-01T06:00:00,0.0,49.45,,
1451,2024-09-01T07:00:00,0.0,50.72,,
1452,2024-09-01T08:00:00,0.0,50.63,,
1453,2024-09-01T09:00:00,0.0,46.73,,
1454,2024-09-01T10:00:00,0.0,43.9,,
1455,2024-09-01T11:00:00,16.0,41.43,,
1456,2024-09-01T12:00:00,168.55,35.68,,
1457,2024-09-01T13:00:00,545.21,31.5,,
1458,2024-09-01T14:00:00,580.26,28.88,,
1459,2024-09-01T15:00:00,904.31,27.67,,
1460,2024-09-01T16:00:00,1028.46,26.12,,
1461,2024-09-01T17:00:00,1076.88,25.37,,
1462,2024-09-01T18:00:00,1016.92,24.32,,
1463,2024-09-01T19:00:00,792.24,25.32,,
1464,2024-09-01T20:00:00,292.15,26.32,,
1465,2024-09-01T21:00:00,224.06,25.6,,
1466,2024-09-01T22:00:00,78.09,34.72,,
1467,2024-09-01T23:00:00,2.84,57.78,,
1468,2024-09-02T00:00:00,0.0,63.78,,
1469,2024-09-02T01:00:00,0.0,63.33,,
1470,2024-09-02T02:00:00,0.0,57.52,,
1471,2024-09-02T03:00:00,0.0,57.87,,
1472,2024-09-02T04:00:00,0.0,60.6,,
1473,2024-09-02T05:00:00,0.0,59.73,,
1474,2024-09-02T06:00:00,0.0,58.13,,
1475,2024-09-02T07:00:00,0.02,54.93,,
1476,2024-09-02T08:00:00,0.01,51.68,,
1477,2024-09-02T09:00:00,0.0,52.02,,
1478,2024-09-02T10:00:00,0.0,53.88,,
1479,2024-09-02T11:00:00,12.69,52.8,,
1480,2024-09-02T12:00:00,195.76,47.13,,
1481,2024-09-02T13:00:00,511.2,36.36,,
1482,2024-09-02T14:00:00,762.2,27.28,,
1483,2024-09-02T15:00:00,947.65,26.15,,
1484,2024-09-02T16:00:00,1050.55,26.85,,
1485,2024-09-02T17:00:00,1077.83,27.65,,
1486,2024-09-02T18:00:00,1033.82,26.6,,
1487,2024-09-02T19:00:00,881.91,25.38,,
1488,2024-09-02T20:00:00,637.39,26.1,,
1489,2024-09-02T21:00:00,384.39,26.92,,
1490,2024-09-02T22:00:00,100.48,31.5,,
1491,2024-09-02T23:00:00,2.51,41.02,,
1492,2024-09-03T00:00:00,0.0,44.35,,
1493,2024-09-03T01:00:00,0.0,42.5,,
1494,2024-09-03T02:00:00,0.0,44.0,,
1495,2024-09-03T03:00:00,0.0,45.08,,
1496,2024-09-03T04:00:00,0.0,48.2,,
1497,2024-09-03T05:00:00,0.0,49.12,,
1498,2024-09-03T06:00:00,0.0,49.2,,
1499,2024-09-03T07:00:00,0.0,51.4,,
1500,2024-09-03T08:00:00,0.0,49.72,,
1501,2024-09-03T09:00:00,0.0,47.88,,
1502,2024-09-03T10:00:00,0.0,46.13,,
1503,2024-09-03T11:00:00,25.21,44.45,,
1504,2024-09-03T12:00:00,288.51,43.23,,
1505,2024-09-03T13:00:00,540.15,39.97,,
1506,2024-09-03T14:00:00,757.03,37.6,,
1507,2024-09-03T15:00:00,941.18,35.22,,
1508,2024-09-03T16:00:00,996.94,32.63,,
1509,2024-09-03T17:00:00,733.94,32.07,,
1510,2024-09-03T18:00:00,505.92,30.77,,
1511,2024-09-03T19:00:00,492.57,35.37,,
1512,2024-09-03T20:00:00,526.51,38.22,,
1513,2024-09-03T21:00:00,349.58,41.22,,
1514,2024-09-03T22:00:00,42.42,46.45,,
1515,2024-09-03T23:00:00,1.3,51.47,,
1516,2024-09-04T00:00:00,0.0,54.27,,
1517,2024-09-04T01:00:00,0.0,58.07,,
1518,2024-09-04T02:00:00,0.0,58.03,,
1519,2024-09-04T03:00:00,0.0,59.95,,
1520,2024-09-04T04:00:00,0.0,60.25,,
1521,2024-09-04T05:00:00,0.0,59.77,,
1522,2024-09-04T06:00:00,0.0,59.88,,
1523,2024-09-04T07:00:00,0.0,61.27,,
1524,2024-09-04T08:00:00,0.0,63.63,,
1525,2024-09-04T09:00:00,0.0,64.98,,
1526,2024-09-04T10:00:00,0.0,66.42,,
1527,2024-09-04T11:00:00,36.57,64.68,,
1528,2024-09-04T12:00:00,280.56,45.98,,
1529,2024-09-04T13:00:00,544.18,34.92,,
1530,2024-09-04T14:00:00,761.69,31.33,,
1531,2024-09-04T15:00:00,938.43,28.97,,
1532,2024-09-04T16:00:00,1035.11,28.48,,
1533,2024-09-04T17:00:00,1072.97,25.9,,
1534,2024-09-04T18:00:00,942.1,24.68,,
1535,2024-09-04T19:00:00,681.57,25.82,,
1536,2024-09-04T20:00:00,276.02,29.72,,
1537,2024-09-04T21:00:00,123.22,31.17,,
1538,2024-09-04T22:00:00,58.96,34.37,,
1539,2024-09-04T23:00:00,1.7,39.58,,
1540,2024-09-05T00:00:00,0.0,42.8,,
1541,2024-09-05T01:00:00,0.0,44.48,,
1542,2024-09-05T02:00:00,0.06,46.42,,
1543,2024-09-05T03:00:00,0.0,45.38,,
1544,2024-09-05T04:00:00,0.0,47.2,,
1545,2024-09-05T05:00:00,0.0,48.48,,
1546,2024-09-05T06:00:00,0.0,48.82,,
1547,2024-09-05T07:00:00,0.0,49.9,,
1548,2024-09-05T08:00:00,0.0,50.08,,
1549,2024-09-05T09:00:00,0.0,50.6,,
1550,2024-09-05T10:00:00,0.0,52.53,,
1551,2024-09-05T11:00:00,39.95,49.03,,
1552,2024-09-05T12:00:00,282.87,42.83,,
1553,2024-09-05T13:00:00,551.32,37.13,,
1554,2024-09-05T14:00:00,751.16,31.6,,
1555,2024-09-05T15:00:00,727.7,31.43,,
1556,2024-09-05T16:00:00,688.23,31.77,,
1557,2024-09-05T17:00:00,472.55,38.22,,
1558,2024-09-05T18:00:00,513.8,37.97,,
1559,2024-09-05T19:00:00,674.13,36.34,,
1560,2024-09-05T20:00:00,473.87,35.0,,
1561,2024-09-05T21:00:00,168.17,38.47,,
1562,2024-09-05T22:00:00,47.86,43.02,,
1563,2024-09-05T23:00:00,2.23,46.82,,
1564,2024-09-06T00:00:00,0.0,50.2,,
1565,2024-09-06T01:00:00,0.0,52.15,,
1566,2024-09-06T02:00:00,0.0,51.77,,
1567,2024-09-06T03:00:00,0.0,51.77,,
1568,2024-09-06T04:00:00,0.0,51.05,,
1569,2024-09-06T05:00:00,0.0,51.33,,
1570,2024-09-06T06:00:00,0.0,49.72,,
1571,2024-09-06T07:00:00,0.0,51.1,,
1572,2024-09-06T08:00:00,0.0,48.62,,
1573,2024-09-06T09:00:00,0.0,47.43,,
1574,2024-09-06T10:00:00,0.0,46.73,,
1575,2024-09-06T11:00:00,31.89,47.17,,
1576,2024-09-06T12:00:00,282.65,42.98,,
1577,2024-09-06T13:00:00,489.83,38.84,,
1578,2024-09-06T14:00:00,649.37,37.83,,
1579,2024-09-06T15:00:00,813.8,34.8,,
1580,2024-09-06T16:00:00,1033.37,30.47,,
1581,2024-09-06T17:00:00,1074.47,26.28,,
1582,2024-09-06T18:00:00,1012.24,24.93,,
1583,2024-09-06T19:00:00,770.42,26.4,,
1584,2024-09-06T20:00:00,559.26,27.7,,
1585,2024-09-06T21:00:00,355.87,29.8,,
1586,2024-09-06T22:00:00,89.49,28.28,,
1587,2024-09-06T23:00:00,1.09,37.05,,
1588,2024-09-07T00:00:00,0.0,42.28,,
1589,2024-09-07T01:00:00,0.0,43.3,,
1590,2024-09-07T02:00:00,0.0,46.0,,
1591,2024-09-07T03:00:00,0.0,49.02,,
1592,2024-09-07T04:00:00,0.0,52.28,,
1593,2024-09-07T05:00:00,0.0,55.33,,
1594,2024-09-07T06:00:00,0.0,57.02,,
1595,2024-09-07T07:00:00,0.0,57.1,,
1596,2024-09-07T08:00:00,0.0,56.0,,
1597,2024-09-07T09:00:00,0.0,54.23,,
1598,2024-09-07T10:00:00,0.0,53.42,,
1599,2024-09-07T11:00:00,46.97,50.7,,
1600,2024-09-07T12:00:00,278.61,44.58,,
1601,2024-09-07T13:00:00,543.07,40.37,,
1602,2024-09-07T14:00:00,768.23,36.45,,
1603,2024-09-07T15:00:00,930.43,32.45,,
1604,2024-09-07T16:00:00,1061.33,27.7,,
1605,2024-09-07T17:00:00,1064.81,23.78,,
1606,2024-09-07T18:00:00,845.2,24.53,,
1607,2024-09-07T19:00:00,705.2,27.47,,
1608,2024-09-07T20:00:00,459.63,,,
1609,2024-09-07T21:00:00,161.87,,,
1610,2024-09-07T22:00:00,55.01,,,
1611,2024-09-07T23:00:00,1.83,,,
1612,2024-09-08T00:00:00,0.0,,,
1613,2024-09-08T01:00:00,0.0,,,
1614,2024-09-08T02:00:00,0.0,,,
1615,2024-09-08T03:00:00,0.0,,,
1616,2024-09-08T04:00:00,0.0,,,
1617,2024-09-08T05:00:00,0.0,,,
1618,2024-09-08T06:00:00,0.0,,,
1619,2024-09-08T07:00:00,0.0,,,
1620,2024-09-08T08:00:00,0.0,,,
1621,2024-09-08T09:00:00,0.0,,,
1622,2024-09-08T10:00:00,0.0,,,
1623,2024-09-08T11:00:00,29.31,,,
1624,2024-09-08T12:00:00,173.22,,,
1625,2024-09-08T13:00:00,581.35,,,
1626,2024-09-08T14:00:00,699.01,,,
1627,2024-09-08T15:00:00,903.85,,,
1628,2024-09-08T16:00:00,1010.18,,,
1629,2024-09-08T17:00:00,1034.2,,,
1630,2024-09-08T18:00:00,871.6,,,
1631,2024-09-08T19:00:00,868.52,,,
1632,2024-09-08T20:00:00,524.17,,,
1633,2024-09-08T21:00:00,217.22,,,
1634,2024-09-08T22:00:00,62.96,,,
1635,2024-09-08T23:00:00,2.17,,,
1636,2024-09-09T00:00:00,0.0,,,
1637,2024-09-09T01:00:00,0.0,,,
1638,2024-09-09T02:00:00,0.0,,,
1639,2024-09-09T13:00:00,,41.12,,
1640,2024-09-09T14:00:00,225.68,43.72,,
1641,2024-09-09T15:00:00,461.63,42.03,,
1642,2024-09-09T16:00:00,1057.56,33.32,,
1643,2024-09-09T17:00:00,1086.19,32.17,,
1644,2024-09-09T18:00:00,694.37,33.25,,
1645,2024-09-09T19:00:00,319.22,36.57,,
1646,2024-09-09T20:00:00,303.93,37.32,,
1647,2024-09-09T21:00:00,131.74,41.02,,
1648,2024-09-09T22:00:00,46.34,44.68,,
1649,2024-09-09T23:00:00,0.9,43.77,,
1650,2024-09-10T00:00:00,0.0,42.85,,
1651,2024-09-10T01:00:00,0.0,43.33,,
1652,2024-09-10T02:00:00,0.0,43.27,,
1653,2024-09-10T03:00:00,0.0,43.95,,
1654,2024-09-10T04:00:00,0.0,47.15,,
1655,2024-09-10T05:00:00,0.0,47.73,,
1656,2024-09-10T06:00:00,0.0,48.22,,
1657,2024-09-10T07:00:00,0.0,47.03,,
1658,2024-09-10T08:00:00,0.0,45.8,,
1659,2024-09-10T09:00:00,0.0,41.53,,
1660,2024-09-10T10:00:00,0.0,40.65,,
1661,2024-09-10T11:00:00,58.95,38.1,,
1662,2024-09-10T12:00:00,308.07,33.03,,
1663,2024-09-10T13:00:00,574.3,24.23,,
1664,2024-09-10T14:00:00,799.69,20.57,,
1665,2024-09-10T15:00:00,962.94,18.78,,
1666,2024-09-10T16:00:00,1059.34,17.67,,
1667,2024-09-10T17:00:00,1060.19,16.42,,
1668,2024-09-10T18:00:00,985.03,16.65,,
1669,2024-09-10T19:00:00,849.25,18.6,,
1670,2024-09-10T20:00:00,624.12,23.18,,
1671,2024-09-10T21:00:00,410.07,26.13,,
1672,2024-09-10T22:00:00,88.71,32.18,,
1673,2024-09-10T23:00:00,0.81,38.0,,
1674,2024-09-11T00:00:00,0.0,40.15,,
1675,2024-09-11T01:00:00,0.0,34.07,,
1676,2024-09-11T02:00:00,0.0,35.45,,
1677,2024-09-11T03:00:00,0.0,36.6,,
1678,2024-09-11T04:00:00,0.0,39.0,,
1679,2024-09-11T05:00:00,0.0,40.88,,
1680,2024-09-11T06:00:00,0.0,40.62,,
1681,2024-09-11T07:00:00,0.0,41.28,,
1682,2024-09-11T08:00:00,0.0,42.22,,
1683,2024-09-11T09:00:00,0.0,42.1,,
1684,2024-09-11T10:00:00,0.0,41.45,,
1685,2024-09-11T11:00:00,53.56,51.27,,
1686,2024-09-11T12:00:00,285.77,41.95,,
1687,2024-09-11T13:00:00,547.25,31.83,,
1688,2024-09-11T14:00:00,790.16,27.32,,
1689,2024-09-11T15:00:00,934.5,25.15,,
1690,2024-09-11T16:00:00,992.5,22.48,,
1691,2024-09-11T17:00:00,1031.34,21.98,,
1692,2024-09-11T18:00:00,1031.09,21.7,,
1693,2024-09-11T19:00:00,762.7,22.58,,
1694,2024-09-11T20:00:00,198.26,30.68,,
1695,2024-09-11T21:00:00,99.88,33.85,,
1696,2024-09-11T22:00:00,41.44,37.55,,
1697,2024-09-11T23:00:00,1.04,39.43,,
1698,2024-09-12T00:00:00,0.0,39.57,,
1699,2024-09-12T01:00:00,0.0,49.85,,
1700,2024-09-12T02:00:00,0.0,45.15,,
1701,2024-09-12T03:00:00,0.0,45.72,,
1702,2024-09-12T04:00:00,0.0,45.58,,
1703,2024-09-12T05:00:00,0.0,44.97,,
1704,2024-09-12T06:00:00,0.0,44.53,,
1705,2024-09-12T07:00:00,0.0,44.95,,
1706,2024-09-12T08:00:00,0.0,44.73,,
1707,2024-09-12T09:00:00,0.0,45.97,,
1708,2024-09-12T10:00:00,0.0,45.58,,
1709,2024-09-12T11:00:00,53.52,42.27,,
1710,2024-09-12T12:00:00,290.73,29.72,,
1711,2024-09-12T13:00:00,550.3,24.0,,
1712,2024-09-12T14:00:00,794.45,21.17,,
1713,2024-09-12T15:00:00,945.61,22.05,,
1714,2024-09-12T16:00:00,1050.59,22.55,,
1715,2024-09-12T17:00:00,1067.47,20.13,,
1716,2024-09-12T18:00:00,960.86,22.05,,
1717,2024-09-12T19:00:00,796.08,25.07,,
1718,2024-09-12T20:00:00,402.63,32.15,,
1719,2024-09-12T21:00:00,275.84,32.72,,
1720,2024-09-12T22:00:00,107.08,35.7,,
1721,2024-09-12T23:00:00,1.16,53.62,,
1722,2024-09-13T00:00:00,0.0,57.18,,
1723,2024-09-13T01:00:00,0.0,58.63,,
1724,2024-09-13T02:00:00,0.0,62.38,,
1725,2024-09-13T03:00:00,0.0,60.9,,
1726,2024-09-13T04:00:00,0.0,56.03,,
1727,2024-09-13T05:00:00,0.0,48.75,,
1728,2024-09-13T06:00:00,0.0,47.82,,
1729,2024-09-13T07:00:00,0.0,49.93,,
1730,2024-09-13T08:00:00,0.0,52.55,,
1731,2024-09-13T09:00:00,0.0,52.78,,
1732,2024-09-13T10:00:00,0.0,51.15,,
1733,2024-09-13T11:00:00,56.83,49.97,,
1734,2024-09-13T12:00:00,278.11,45.02,,
1735,2024-09-13T13:00:00,571.24,40.23,,
1736,2024-09-13T14:00:00,809.32,36.18,,
1737,2024-09-13T15:00:00,881.21,32.82,,
1738,2024-09-13T16:00:00,517.04,33.63,,
1739,2024-09-13T17:00:00,857.53,27.55,,
1740,2024-09-13T18:00:00,936.62,23.77,,
1741,2024-09-13T19:00:00,831.16,22.92,,
1742,2024-09-13T20:00:00,425.11,25.25,,
1743,2024-09-13T21:00:00,127.45,30.77,,
1744,2024-09-13T22:00:00,60.6,45.25,,
1745,2024-09-13T23:00:00,0.49,54.13,,
1746,2024-09-14T00:00:00,0.0,57.5,,
1747,2024-09-14T01:00:00,0.0,60.6,,
1748,2024-09-14T02:00:00,0.0,61.7,,
1749,2024-09-14T03:00:00,0.0,55.43,,
1750,2024-09-14T04:00:00,0.0,55.02,,
1751,2024-09-14T05:00:00,0.0,53.68,,
1752,2024-09-14T06:00:00,0.0,49.4,,
1753,2024-09-14T07:00:00,0.0,43.65,,
1754,2024-09-14T08:00:00,0.0,44.27,,
1755,2024-09-14T09:00:00,0.0,47.2,,
1756,2024-09-14T10:00:00,0.0,46.93,,
1757,2024-09-14T11:00:00,40.97,42.72,,
1758,2024-09-14T12:00:00,223.12,39.18,,
1759,2024-09-14T13:00:00,490.36,30.92,,
1760,2024-09-14T14:00:00,704.63,22.3,,
1761,2024-09-14T15:00:00,956.67,18.85,,
1762,2024-09-14T16:00:00,1045.25,17.45,,
1763,2024-09-14T17:00:00,1063.82,15.68,,
1764,2024-09-14T18:00:00,991.11,15.68,,
1765,2024-09-14T19:00:00,870.2,22.0,,
1766,2024-09-14T20:00:00,661.73,23.95,,
1767,2024-09-14T21:00:00,307.95,30.25,,
1768,2024-09-14T22:00:00,84.49,40.78,,
1769,2024-09-14T23:00:00,0.67,46.4,,
1770,2024-09-15T00:00:00,0.0,47.02,,
1771,2024-09-15T01:00:00,0.0,47.02,,
1772,2024-09-15T02:00:00,0.0,46.35,,
1773,2024-09-15T03:00:00,0.0,46.22,,
1774,2024-09-15T04:00:00,0.0,46.2,,
1775,2024-09-15T05:00:00,0.0,46.92,,
1776,2024-09-15T06:00:00,0.0,46.32,,
1777,2024-09-15T07:00:00,0.0,47.5,,
1778,2024-09-15T08:00:00,0.0,48.02,,
1779,2024-09-15T09:00:00,0.0,47.82,,
1780,2024-09-15T10:00:00,0.0,46.37,,
1781,2024-09-15T11:00:00,62.41,44.42,,
1782,2024-09-15T12:00:00,319.45,39.48,,
1783,2024-09-15T13:00:00,581.01,35.5,,
1784,2024-09-15T14:00:00,807.74,32.33,,
1785,2024-09-15T15:00:00,944.27,30.72,,
1786,2024-09-15T16:00:00,1048.59,30.93,,
1787,2024-09-15T17:00:00,1066.49,27.63,,
1788,2024-09-15T18:00:00,1014.35,25.57,,
1789,2024-09-15T19:00:00,795.02,24.95,,
1790,2024-09-15T20:00:00,240.44,27.75,,
1791,2024-09-15T21:00:00,307.29,39.34,,
1792,2024-09-15T22:00:00,46.37,47.32,,
1793,2024-09-15T23:00:00,0.81,49.82,,
1794,2024-09-16T00:00:00,0.0,54.68,,
1795,2024-09-16T01:00:00,0.0,48.38,,
1796,2024-09-16T02:00:00,0.0,47.33,,
1797,2024-09-16T03:00:00,0.0,46.78,,
1798,2024-09-16T04:00:00,0.0,44.72,,
1799,2024-09-16T05:00:00,0.0,45.92,,
1800,2024-09-16T06:00:00,0.0,49.77,,
1801,2024-09-16T07:00:00,0.0,48.22,,
1802,2024-09-16T08:00:00,0.0,49.88,,
1803,2024-09-16T09:00:00,0.0,49.52,,
1804,2024-09-16T10:00:00,0.0,50.43,,
1805,2024-09-16T11:00:00,15.99,53.78,,
1806,2024-09-16T12:00:00,130.61,48.08,,
1807,2024-09-16T13:00:00,279.52,41.17,,
1808,2024-09-16T14:00:00,390.08,39.06,,
1809,2024-09-16T15:00:00,353.56,41.05,,
1810,2024-09-16T16:00:00,350.71,39.25,,
1811,2024-09-16T17:00:00,357.58,36.17,,
1812,2024-09-16T18:00:00,372.1,35.1,,
1813,2024-09-16T19:00:00,465.95,33.58,,
1814,2024-09-16T20:00:00,187.67,31.55,,
1815,2024-09-16T21:00:00,121.03,32.42,,
1816,2024-09-16T22:00:00,49.54,34.15,,
1817,2024-09-16T23:00:00,1.65,46.43,,
1818,2024-09-17T00:00:00,0.0,53.12,,
1819,2024-09-17T01:00:00,0.0,58.7,,
1820,2024-09-17T02:00:00,0.0,56.97,,
1821,2024-09-17T03:00:00,0.0,54.82,,
1822,2024-09-17T04:00:00,0.0,47.52,,
1823,2024-09-17T05:00:00,0.0,49.7,,
1824,2024-09-17T06:00:00,0.0,51.58,,
1825,2024-09-17T07:00:00,0.0,50.7,,
1826,2024-09-17T08:00:00,0.0,49.12,,
1827,2024-09-17T09:00:00,0.0,50.0,,
1828,2024-09-17T10:00:00,0.0,49.75,,
1829,2024-09-17T11:00:00,22.46,50.35,,
1830,2024-09-17T12:00:00,132.77,49.93,,
1831,2024-09-17T13:00:00,485.86,43.22,,
1832,2024-09-17T14:00:00,819.6,37.15,,
1833,2024-09-17T15:00:00,919.48,33.45,,
1834,2024-09-17T16:00:00,1035.12,27.83,,
1835,2024-09-17T17:00:00,749.77,31.18,,
1836,2024-09-17T18:00:00,702.43,32.97,,
1837,2024-09-17T19:00:00,381.28,36.92,,
1838,2024-09-17T20:00:00,494.07,35.5,,
1839,2024-09-17T21:00:00,330.13,35.02,,
1840,2024-09-17T22:00:00,35.48,39.43,,
1841,2024-09-17T23:00:00,2.53,42.43,,
1842,2024-09-18T00:00:00,0.0,44.18,,
1843,2024-09-18T01:00:00,0.0,44.35,,
1844,2024-09-18T02:00:00,0.0,46.2,,
1845,2024-09-18T03:00:00,0.0,47.18,,
1846,2024-09-18T04:00:00,0.0,49.62,,
1847,2024-09-18T05:00:00,0.0,49.53,,
1848,2024-09-18T06:00:00,0.0,51.95,,
1849,2024-09-18T07:00:00,0.0,50.27,,
1850,2024-09-18T08:00:00,0.0,50.5,,
1851,2024-09-18T09:00:00,0.0,50.83,,
1852,2024-09-18T10:00:00,0.0,47.85,,
1853,2024-09-18T11:00:00,37.47,46.1,,
1854,2024-09-18T12:00:00,257.41,45.55,,
1855,2024-09-18T13:00:00,580.82,39.33,,
1856,2024-09-18T14:00:00,796.58,33.78,,
1857,2024-09-18T15:00:00,948.72,26.13,,
1858,2024-09-18T16:00:00,1040.76,23.17,,
1859,2024-09-18T17:00:00,1047.41,22.75,,
1860,2024-09-18T18:00:00,985.13,21.85,,
1861,2024-09-18T19:00:00,817.26,24.5,,
1862,2024-09-18T20:00:00,512.04,31.53,,
1863,2024-09-18T21:00:00,182.52,37.22,,
1864,2024-09-18T22:00:00,51.99,42.7,,
1865,2024-09-18T23:00:00,0.9,43.05,,
1866,2024-09-19T00:00:00,0.0,46.0,,
1867,2024-09-19T01:00:00,0.0,44.6,,
1868,2024-09-19T02:00:00,0.0,42.88,,
1869,2024-09-19T03:00:00,0.0,43.13,,
1870,2024-09-19T04:00:00,0.0,46.27,,
1871,2024-09-19T05:00:00,0.0,46.82,,
1872,2024-09-19T06:00:00,0.0,47.78,,
1873,2024-09-19T07:00:00,0.0,49.97,,
1874,2024-09-19T08:00:00,0.0,51.68,,
1875,2024-09-19T09:00:00,0.0,53.03,,
1876,2024-09-19T10:00:00,0.0,52.08,,
1877,2024-09-19T11:00:00,54.26,52.2,,
1878,2024-09-19T12:00:00,308.81,46.1,,
1879,2024-09-19T13:00:00,482.92,42.23,,
1880,2024-09-19T14:00:00,720.89,38.94,,
1881,2024-09-19T15:00:00,819.53,34.6,,
1882,2024-09-19T16:00:00,815.86,32.82,,
1883,2024-09-19T17:00:00,467.12,34.35,,
1884,2024-09-19T18:00:00,574.16,33.92,,
1885,2024-09-19T19:00:00,444.64,34.55,,
1886,2024-09-19T20:00:00,438.74,34.65,,
1887,2024-09-19T21:00:00,192.51,39.32,,
1888,2024-09-19T22:00:00,43.21,43.75,,
1889,2024-09-19T23:00:00,0.76,43.77,,
1890,2024-09-20T00:00:00,0.0,44.42,,
1891,2024-09-20T01:00:00,0.0,44.5,,
1892,2024-09-20T02:00:00,0.0,45.3,,
1893,2024-09-20T03:00:00,0.0,42.63,,
1894,2024-09-20T04:00:00,0.0,40.63,,
1895,2024-09-20T05:00:00,0.0,39.48,,
1896,2024-09-20T06:00:00,0.0,37.88,37.98,
1897,2024-09-20T07:00:00,0.0,41.48,41.9,
1898,2024-09-20T08:00:00,0.0,52.68,52.78,
1899,2024-09-20T09:00:00,0.0,55.73,55.85,
1900,2024-09-20T10:00:00,0.01,53.3,53.48,
1901,2024-09-20T11:00:00,52.89,52.42,52.57,
1902,2024-09-20T12:00:00,307.51,39.58,39.68,
1903,2024-09-20T13:00:00,573.54,31.82,31.95,
1904,2024-09-20T14:00:00,811.25,29.87,30.25,
1905,2024-09-20T15:00:00,972.54,27.87,28.27,
1906,2024-09-20T16:00:00,1058.92,27.07,27.42,
1907,2024-09-20T17:00:00,1067.49,26.42,26.8,
1908,2024-09-20T18:00:00,796.14,27.58,27.87,
1909,2024-09-20T19:00:00,524.79,29.62,29.75,
1910,2024-09-20T20:00:00,412.71,29.05,29.3,
1911,2024-09-20T21:00:00,164.31,44.66,44.89,
1912,2024-09-20T22:00:00,43.5,58.43,58.58,
1913,2024-09-20T23:00:00,0.57,64.73,64.77,
1914,2024-09-21T00:00:00,0.0,67.68,67.77,
1915,2024-09-21T01:00:00,0.0,71.4,71.52,
1916,2024-09-21T02:00:00,0.0,76.32,76.53,
1917,2024-09-21T03:00:00,0.0,73.25,73.42,
1918,2024-09-21T04:00:00,0.0,91.45,91.63,
1919,2024-09-21T05:00:00,0.0,79.27,79.58,
1920,2024-09-21T06:00:00,0.0,81.63,82.03,
1921,2024-09-21T07:00:00,0.0,78.6,79.1,
1922,2024-09-21T08:00:00,0.0,77.38,77.7,
1923,2024-09-21T09:00:00,0.0,71.27,71.45,
1924,2024-09-21T10:00:00,0.58,68.87,69.02,
1925,2024-09-21T11:00:00,19.4,63.3,63.43,
1926,2024-09-21T12:00:00,182.97,56.6,56.85,
1927,2024-09-21T13:00:00,253.25,52.18,52.52,
1928,2024-09-21T14:00:00,467.42,61.67,62.13,
1929,2024-09-21T15:00:00,522.5,48.15,48.65,
1930,2024-09-21T16:00:00,644.18,46.0,46.32,
1931,2024-09-21T17:00:00,662.31,42.63,43.0,
1932,2024-09-21T18:00:00,326.87,44.65,45.02,
1933,2024-09-21T19:00:00,471.47,44.47,44.83,
1934,2024-09-21T20:00:00,296.43,58.38,59.13,
1935,2024-09-21T21:00:00,95.11,51.37,51.62,
1936,2024-09-21T22:00:00,30.31,51.5,51.62,
1937,2024-09-21T23:00:00,0.58,55.9,56.25,
1938,2024-09-22T00:00:00,0.0,78.17,78.32,
1939,2024-09-22T01:00:00,0.0,80.77,80.83,
1940,2024-09-22T02:00:00,0.0,81.3,81.5,
1941,2024-09-22T03:00:00,0.0,88.37,88.52,
1942,2024-09-22T04:00:00,0.0,93.55,93.58,
1943,2024-09-22T05:00:00,0.0,91.23,91.33,
1944,2024-09-22T06:00:00,0.0,89.45,89.58,
1945,2024-09-22T07:00:00,0.0,87.95,88.07,
1946,2024-09-22T08:00:00,0.0,83.77,84.02,
1947,2024-09-22T09:00:00,0.0,87.62,87.87,
1948,2024-09-22T10:00:00,0.0,87.93,88.07,
1949,2024-09-22T11:00:00,21.59,87.52,87.68,
1950,2024-09-22T12:00:00,123.26,82.58,82.87,
1951,2024-09-22T13:00:00,198.87,75.48,75.83,
1952,2024-09-22T14:00:00,337.69,69.6,70.0,
1953,2024-09-22T15:00:00,404.63,61.35,61.67,
1954,2024-09-22T16:00:00,551.4,47.4,47.77,
1955,2024-09-22T17:00:00,408.1,42.52,42.87,
1956,2024-09-22T18:00:00,300.51,41.52,41.85,
1957,2024-09-22T19:00:00,174.53,42.23,42.42,
1958,2024-09-22T20:00:00,138.23,41.25,41.47,
1959,2024-09-22T21:00:00,164.73,48.3,48.53,
1960,2024-09-22T22:00:00,48.08,61.03,61.22,
1961,2024-09-22T23:00:00,0.44,64.22,64.25,
1962,2024-09-23T00:00:00,0.0,66.25,66.5,
1963,2024-09-23T01:00:00,0.0,61.63,61.82,
1964,2024-09-23T02:00:00,0.0,58.85,59.0,
1965,2024-09-23T03:00:00,0.0,68.97,69.07,
1966,2024-09-23T04:00:00,0.0,69.28,69.53,
1967,2024-09-23T05:00:00,0.0,69.88,70.12,
1968,2024-09-23T06:00:00,0.0,65.17,65.45,
1969,2024-09-23T07:00:00,0.0,57.88,58.05,
1970,2024-09-23T08:00:00,0.0,59.56,59.75,
1971,2024-09-23T09:00:00,0.0,61.02,61.15,
1972,2024-09-23T10:00:00,0.0,59.93,60.02,
1973,2024-09-23T11:00:00,39.12,58.15,58.33,
1974,2024-09-23T12:00:00,305.18,46.62,46.85,
1975,2024-09-23T13:00:00,577.73,38.17,38.49,
1976,2024-09-23T14:00:00,782.55,30.02,30.38,
1977,2024-09-23T15:00:00,979.47,27.42,27.9,
1978,2024-09-23T16:00:00,1075.95,24.6,25.08,
1979,2024-09-23T17:00:00,923.76,24.53,24.88,
1980,2024-09-23T18:00:00,325.51,28.1,28.28,
1981,2024-09-23T19:00:00,523.37,30.1,30.35,
1982,2024-09-23T20:00:00,545.46,31.67,31.8,
1983,2024-09-23T21:00:00,156.72,35.5,35.62,
1984,2024-09-23T22:00:00,37.67,36.93,37.05,
1985,2024-09-23T23:00:00,0.43,40.78,40.85,
1986,2024-09-24T00:00:00,0.0,44.15,44.25,
1987,2024-09-24T01:00:00,0.0,48.55,48.73,
1988,2024-09-24T02:00:00,0.0,57.17,57.45,
1989,2024-09-24T03:00:00,0.0,58.05,58.37,
1990,2024-09-24T04:00:00,0.0,53.02,53.07,
1991,2024-09-24T05:00:00,0.0,58.97,59.18,
1992,2024-09-24T06:00:00,0.0,60.67,60.78,
1993,2024-09-24T07:00:00,0.0,56.65,56.83,
1994,2024-09-24T08:00:00,0.0,47.87,48.08,
1995,2024-09-24T09:00:00,0.0,45.08,45.18,
1996,2024-09-24T10:00:00,0.01,45.42,45.62,
1997,2024-09-24T11:00:00,64.93,42.83,43.0,
1998,2024-09-24T12:00:00,318.42,34.25,34.42,
1999,2024-09-24T13:00:00,585.03,26.9,27.1,
2000,2024-09-24T14:00:00,826.51,21.7,21.97,
2001,2024-09-24T15:00:00,989.8,22.75,23.03,
2002,2024-09-24T16:00:00,1077.21,21.7,22.23,
2003,2024-09-24T17:00:00,1024.1,21.6,21.98,
2004,2024-09-24T18:00:00,1003.99,21.17,21.6,
2005,2024-09-24T19:00:00,789.49,21.08,21.33,
2006,2024-09-24T20:00:00,490.9,25.32,25.58,
2007,2024-09-24T21:00:00,69.25,35.4,35.63,
2008,2024-09-24T22:00:00,19.01,43.07,43.41,
2009,2024-09-24T23:00:00,0.15,67.1,67.25,
2010,2024-09-25T00:00:00,0.0,67.25,67.43,
2011,2024-09-25T01:00:00,0.0,66.55,66.72,
2012,2024-09-25T02:00:00,0.0,64.83,64.92,
2013,2024-09-25T03:00:00,0.0,64.72,64.78,
2014,2024-09-25T04:00:00,0.0,61.63,61.8,
2015,2024-09-25T05:00:00,0.0,62.07,62.33,
2016,2024-09-25T06:00:00,0.0,64.67,64.9,
2017,2024-09-25T07:00:00,0.0,64.18,64.28,
2018,2024-09-25T08:00:00,0.0,62.56,62.69,
2019,2024-09-25T09:00:00,0.0,58.15,58.27,
2020,2024-09-25T10:00:00,0.05,55.63,55.78,
2021,2024-09-25T11:00:00,65.4,49.43,49.53,
2022,2024-09-25T12:00:00,292.18,43.42,43.55,
2023,2024-09-25T13:00:00,571.38,34.82,35.02,
2024,2024-09-25T14:00:00,796.61,24.55,24.87,
2025,2024-09-25T15:00:00,890.03,24.97,25.37,
2026,2024-09-25T16:00:00,877.22,26.22,26.6,
2027,2024-09-25T17:00:00,761.5,26.62,26.88,
2028,2024-09-25T18:00:00,969.89,23.62,24.03,
2029,2024-09-25T19:00:00,502.89,26.35,26.45,
2030,2024-09-25T20:00:00,487.16,34.82,35.06,
2031,2024-09-25T21:00:00,214.15,47.45,47.68,
2032,2024-09-25T22:00:00,62.26,56.33,56.67,
2033,2024-09-25T23:00:00,0.72,64.62,64.75,
2034,2024-09-26T00:00:00,0.0,69.5,69.62,
2035,2024-09-26T01:00:00,0.0,78.1,78.37,
2036,2024-09-26T02:00:00,0.0,82.35,82.48,
2037,2024-09-26T03:00:00,0.02,78.27,78.47,
2038,2024-09-26T04:00:00,0.0,81.83,82.03,
2039,2024-09-26T05:00:00,0.0,91.43,91.55,
2040,2024-09-26T06:00:00,0.0,88.37,88.57,
2041,2024-09-26T07:00:00,0.0,90.72,90.87,
2042,2024-09-26T08:00:00,0.0,86.93,87.1,
2043,2024-09-26T09:00:00,0.0,65.1,65.48,
2044,2024-09-26T10:00:00,0.07,59.77,60.0,
2045,2024-09-26T11:00:00,63.63,57.17,57.3,
2046,2024-09-26T12:00:00,302.03,50.18,50.75,
2047,2024-09-26T13:00:00,576.87,43.05,43.53,
2048,2024-09-26T14:00:00,810.11,35.55,35.98,
2049,2024-09-26T15:00:00,980.32,26.27,26.77,
2050,2024-09-26T16:00:00,1106.5,25.17,25.5,
2051,2024-09-26T17:00:00,398.6,25.05,25.3,
2052,2024-09-26T18:00:00,472.75,27.88,28.15,
2053,2024-09-26T19:00:00,520.22,39.13,39.42,
2054,2024-09-26T20:00:00,171.22,45.42,45.63,
2055,2024-09-26T21:00:00,121.4,51.98,52.17,
2056,2024-09-26T22:00:00,11.15,62.73,63.02,
2057,2024-09-26T23:00:00,0.1,73.75,73.87,
2058,2024-09-27T00:00:00,0.0,86.28,86.42,
2059,2024-09-27T01:00:00,0.0,87.95,88.05,
2060,2024-09-27T02:00:00,0.0,92.03,92.08,
2061,2024-09-27T03:00:00,0.0,93.18,93.35,
2062,2024-09-27T04:00:00,0.0,92.63,92.73,
2063,2024-09-27T05:00:00,0.0,92.83,92.88,
2064,2024-09-27T06:00:00,0.0,89.48,89.78,
2065,2024-09-27T07:00:00,0.0,91.6,91.77,
2066,2024-09-27T08:00:00,0.0,92.58,92.72,
2067,2024-09-27T09:00:00,0.0,81.38,81.62,
2068,2024-09-27T10:00:00,0.02,74.35,74.71,
2069,2024-09-27T11:00:00,49.74,80.84,81.04,
2070,2024-09-27T12:00:00,143.37,66.12,66.42,
2071,2024-09-27T13:00:00,390.1,51.92,52.45,
2072,2024-09-27T14:00:00,518.38,49.2,49.67,
2073,2024-09-27T15:00:00,701.16,49.13,49.57,
2074,2024-09-27T16:00:00,949.84,35.83,36.16,
2075,2024-09-27T17:00:00,1121.86,32.22,32.75,
2076,2024-09-27T18:00:00,955.96,39.32,39.96,
2077,2024-09-27T19:00:00,620.54,41.4,41.89,
2078,2024-09-27T20:00:00,45.84,52.95,53.18,
2079,2024-09-27T21:00:00,6.88,81.6,82.32,
2080,2024-09-27T22:00:00,0.78,93.6,93.87,
2081,2024-09-27T23:00:00,0.0,92.47,92.83,
2082,2024-09-28T00:00:00,0.0,86.95,87.55,
2083,2024-09-28T01:00:00,0.0,84.25,84.77,
2084,2024-09-28T02:00:00,0.0,86.53,86.83,
2085,2024-09-28T03:00:00,0.0,89.05,89.37,
2086,2024-09-28T04:00:00,0.0,81.57,82.05,
2087,2024-09-28T05:00:00,0.0,82.83,83.28,
2088,2024-09-28T06:00:00,0.0,83.22,83.68,
2089,2024-09-28T07:00:00,0.0,90.3,90.52,
2090,2024-09-28T08:00:00,0.0,89.55,89.73,
2091,2024-09-28T09:00:00,0.0,97.5,97.62,
2092,2024-09-28T10:00:00,0.0,95.5,95.6,
2093,2024-09-28T11:00:00,11.48,92.6,92.73,
2094,2024-09-28T12:00:00,212.48,84.2,84.58,
2095,2024-09-28T13:00:00,404.85,73.98,74.9,
2096,2024-09-28T14:00:00,477.92,70.57,71.37,
2097,2024-09-28T15:00:00,389.33,61.28,62.15,
2098,2024-09-28T16:00:00,39.59,65.65,65.98,
2099,2024-09-28T17:00:00,118.35,67.42,67.9,
2100,2024-09-28T18:00:00,367.22,63.22,63.82,
2101,2024-09-28T19:00:00,98.2,67.13,67.98,
2102,2024-09-28T20:00:00,76.04,91.12,91.53,
2103,2024-09-28T21:00:00,40.34,97.43,97.6,
2104,2024-09-28T22:00:00,13.06,97.55,97.63,
2105,2024-09-28T23:00:00,0.09,97.17,97.28,
2106,2024-09-29T00:00:00,0.0,97.53,97.6,
2107,2024-09-29T01:00:00,0.0,97.8,97.85,
2108,2024-09-29T02:00:00,0.0,96.82,96.92,
2109,2024-09-29T03:00:00,0.0,93.85,94.02,
2110,2024-09-29T04:00:00,0.0,90.45,90.65,
2111,2024-09-29T05:00:00,0.0,87.6,87.83,
2112,2024-09-29T06:00:00,0.0,88.03,88.33,
2113,2024-09-29T07:00:00,0.0,87.76,88.02,
2114,2024-09-29T08:00:00,0.0,86.27,86.45,
2115,2024-09-29T09:00:00,0.0,84.55,84.88,
2116,2024-09-29T10:00:00,0.01,87.2,87.37,
2117,2024-09-29T11:00:00,62.08,88.55,88.78,
2118,2024-09-29T12:00:00,295.69,72.58,73.03,
2119,2024-09-29T13:00:00,568.16,64.17,65.3,
2120,2024-09-29T14:00:00,813.63,57.82,59.0,
2121,2024-09-29T15:00:00,979.66,53.6,55.12,
2122,2024-09-29T16:00:00,935.26,47.57,48.53,
2123,2024-09-29T17:00:00,1049.43,42.28,43.1,
2124,2024-09-29T18:00:00,555.89,43.95,44.55,
2125,2024-09-29T19:00:00,223.33,44.1,44.33,
2126,2024-09-29T20:00:00,217.51,50.12,50.48,
2127,2024-09-29T21:00:00,173.26,61.25,61.48,
2128,2024-09-29T22:00:00,29.68,66.03,66.27,
2129,2024-09-29T23:00:00,0.0,75.72,76.07,
2130,2024-09-30T00:00:00,0.0,91.6,91.93,
2131,2024-09-30T01:00:00,0.0,92.87,93.08,
2132,2024-09-30T02:00:00,0.0,93.45,93.72,
2133,2024-09-30T03:00:00,0.0,94.5,94.67,
2134,2024-09-30T04:00:00,0.0,95.68,95.78,
2135,2024-09-30T05:00:00,0.0,95.2,95.3,
2136,2024-09-30T06:00:00,0.0,96.78,96.88,
2137,2024-09-30T07:00:00,0.0,93.52,93.73,
2138,2024-09-30T08:00:00,0.0,91.32,91.63,
2139,2024-09-30T09:00:00,0.01,86.72,87.0,
2140,2024-09-30T10:00:00,0.07,89.37,89.72,
2141,2024-09-30T11:00:00,40.98,87.87,88.17,
2142,2024-09-30T12:00:00,283.62,73.78,74.45,
2143,2024-09-30T13:00:00,567.48,63.9,65.0,
2144,2024-09-30T14:00:00,820.63,54.35,55.9,
2145,2024-09-30T15:00:00,859.15,50.82,52.2,
2146,2024-09-30T16:00:00,567.79,47.52,48.57,
2147,2024-09-30T17:00:00,572.54,44.88,45.77,
2148,2024-09-30T18:00:00,557.92,50.18,50.88,
2149,2024-09-30T19:00:00,548.74,52.37,52.98,
2150,2024-09-30T20:00:00,673.53,49.15,49.92,
2151,2024-09-30T21:00:00,247.08,57.07,57.72,
2152,2024-09-30T22:00:00,8.24,77.0,77.45,
2153,2024-09-30T23:00:00,0.0,86.27,86.85,
2154,2024-10-01T00:00:00,0.0,81.45,82.08,
2155,2024-10-01T01:00:00,0.01,83.5,83.85,
2156,2024-10-01T02:00:00,0.0,93.12,93.22,
2157,2024-10-01T03:00:00,0.0,87.92,88.07,
2158,2024-10-01T04:00:00,0.0,86.93,87.12,
2159,2024-10-01T05:00:00,0.0,87.87,88.07,
2160,2024-10-01T06:00:00,0.0,89.28,89.6,
2161,2024-10-01T07:00:00,0.0,95.77,95.93,
2162,2024-10-01T08:00:00,0.0,95.44,95.56,
2163,2024-10-01T09:00:00,0.0,97.1,97.25,
2164,2024-10-01T10:00:00,0.0,86.22,86.32,
2165,2024-10-01T11:00:00,55.68,89.08,89.28,
2166,2024-10-01T12:00:00,275.92,88.6,88.97,
2167,2024-10-01T13:00:00,562.83,72.92,73.85,
2168,2024-10-01T14:00:00,835.89,60.85,61.98,
2169,2024-10-01T15:00:00,995.29,49.18,50.43,
2170,2024-10-01T16:00:00,715.47,47.8,48.68,
2171,2024-10-01T17:00:00,679.97,41.62,42.35,
2172,2024-10-01T18:00:00,807.41,47.17,47.82,
2173,2024-10-01T19:00:00,859.3,45.83,46.52,
2174,2024-10-01T20:00:00,188.04,54.03,54.5,
2175,2024-10-01T21:00:00,2.56,75.32,75.93,
2176,2024-10-01T22:00:00,1.32,89.23,89.67,
2177,2024-10-01T23:00:00,0.64,91.58,91.92,
2178,2024-10-02T00:00:00,0.0,90.58,90.82,
2179,2024-10-02T01:00:00,0.0,94.17,94.38,
2180,2024-10-02T02:00:00,0.0,95.53,95.63,
2181,2024-10-02T03:00:00,0.0,93.5,93.62,
2182,2024-10-02T04:00:00,0.0,89.75,89.92,
2183,2024-10-02T05:00:00,0.0,89.97,90.1,
2184,2024-10-02T06:00:00,0.0,91.6,91.75,
2185,2024-10-02T07:00:00,0.01,93.3,93.43,
2186,2024-10-02T08:00:00,0.0,92.1,92.23,
2187,2024-10-02T09:00:00,0.0,96.05,96.13,
2188,2024-10-02T10:00:00,0.02,94.56,94.69,
2189,2024-10-02T11:00:00,57.62,88.6,88.77,
2190,2024-10-02T12:00:00,245.84,81.22,81.63,
2191,2024-10-02T13:00:00,551.3,65.52,66.43,
2192,2024-10-02T14:00:00,814.43,61.48,62.67,
2193,2024-10-02T15:00:00,970.78,55.98,57.47,
2194,2024-10-02T16:00:00,1000.9,47.77,49.07,
2195,2024-10-02T17:00:00,838.78,50.68,51.67,
2196,2024-10-02T18:00:00,923.91,49.12,49.97,
2197,2024-10-02T19:00:00,863.88,47.8,48.45,
2198,2024-10-02T20:00:00,425.18,51.05,51.82,
2199,2024-10-02T21:00:00,19.44,73.48,74.38,
2200,2024-10-02T22:00:00,0.0,86.13,86.68,
2201,2024-10-02T23:00:00,0.0,91.78,92.17,
2202,2024-10-03T00:00:00,0.0,92.55,92.88,
2203,2024-10-03T01:00:00,0.0,95.32,95.45,
2204,2024-10-03T02:00:00,0.0,92.2,92.5,
2205,2024-10-03T03:00:00,0.0,91.12,91.3,
2206,2024-10-03T04:00:00,0.0,92.32,92.5,
2207,2024-10-03T05:00:00,0.0,91.88,92.07,
2208,2024-10-03T06:00:00,0.0,90.73,91.05,
2209,2024-10-03T07:00:00,0.0,86.03,86.5,
2210,2024-10-03T08:00:00,0.0,90.3,90.48,
2211,2024-10-03T09:00:00,0.0,92.1,92.27,
2212,2024-10-03T10:00:00,0.05,90.75,90.95,
2213,2024-10-03T11:00:00,58.81,86.97,87.2,
2214,2024-10-03T12:00:00,217.46,75.85,76.35,
2215,2024-10-03T13:00:00,368.02,58.87,60.02,
2216,2024-10-03T14:00:00,545.78,55.27,56.42,
2217,2024-10-03T15:00:00,909.7,43.34,44.68,
2218,2024-10-03T16:00:00,803.1,45.21,46.38,
2219,2024-10-03T17:00:00,420.92,39.29,40.21,
2220,2024-10-03T18:00:00,570.47,34.17,34.95,
2221,2024-10-03T19:00:00,89.77,41.2,41.58,
2222,2024-10-03T20:00:00,16.68,65.5,66.27,
2223,2024-10-03T21:00:00,65.89,60.73,61.42,
2224,2024-10-03T22:00:00,31.39,66.38,66.68,
2225,2024-10-03T23:00:00,0.26,82.58,82.73,
2226,2024-10-04T00:00:00,0.0,92.82,93.02,
2227,2024-10-04T01:00:00,0.0,97.83,97.9,
2228,2024-10-04T02:00:00,0.0,90.92,90.98,
2229,2024-10-04T03:00:00,0.0,87.92,88.08,
2230,2024-10-04T04:00:00,0.0,91.47,91.68,
2231,2024-10-04T05:00:00,0.0,91.43,91.67,
2232,2024-10-04T06:00:00,0.0,82.67,82.91,
2233,2024-10-04T07:00:00,0.0,85.12,85.38,
2234,2024-10-04T08:00:00,0.0,81.1,81.35,
2235,2024-10-04T09:00:00,0.0,84.68,84.9,
2236,2024-10-04T10:00:00,0.03,92.2,92.57,
2237,2024-10-04T11:00:00,35.03,84.07,84.25,
2238,2024-10-04T12:00:00,165.85,73.13,73.58,
2239,2024-10-04T13:00:00,262.94,58.25,58.67,
2240,2024-10-04T14:00:00,343.93,53.08,53.57,
2241,2024-10-04T15:00:00,537.58,47.85,48.42,
2242,2024-10-04T16:00:00,382.2,47.65,48.62,
2243,2024-10-04T17:00:00,407.18,44.77,45.43,
2244,2024-10-04T18:00:00,703.45,40.43,41.38,
2245,2024-10-04T19:00:00,567.19,38.72,39.15,
2246,2024-10-04T20:00:00,482.05,41.02,41.93,
2247,2024-10-04T21:00:00,83.79,60.73,61.18,
2248,2024-10-04T22:00:00,34.61,71.42,71.63,
2249,2024-10-04T23:00:00,0.07,82.15,82.33,
2250,2024-10-05T00:00:00,0.0,82.77,83.1,
2251,2024-10-05T01:00:00,0.0,89.5,89.88,
2252,2024-10-05T02:00:00,0.0,89.58,89.83,
2253,2024-10-05T03:00:00,0.0,90.68,91.02,
2254,2024-10-05T04:00:00,0.0,91.3,91.55,
2255,2024-10-05T05:00:00,0.0,85.22,85.53,
2256,2024-10-05T06:00:00,0.0,86.53,86.67,
2257,2024-10-05T07:00:00,0.0,97.17,97.27,
2258,2024-10-05T08:00:00,0.0,92.5,92.78,
2259,2024-10-05T09:00:00,0.0,71.28,71.7,
2260,2024-10-05T10:00:00,0.2,65.52,65.73,
2261,2024-10-05T11:00:00,65.85,63.24,63.58,
2262,2024-10-05T12:00:00,367.19,56.12,56.55,
2263,2024-10-05T13:00:00,608.97,49.5,50.27,17.36
2264,2024-10-05T14:00:00,610.92,45.98,46.33,18.43
2265,2024-10-05T15:00:00,940.08,39.77,40.74,20.62
2266,2024-10-05T16:00:00,981.14,37.59,38.91,22.17
2267,2024-10-05T17:00:00,559.13,41.87,42.66,22.46
2268,2024-10-05T18:00:00,400.84,48.28,48.83,21.07
2269,2024-10-05T19:00:00,465.98,53.55,54.13,20.62
2270,2024-10-05T20:00:00,102.7,64.6,64.93,17.92
2271,2024-10-05T21:00:00,103.82,69.3,69.67,17.33
2272,2024-10-05T22:00:00,10.93,86.22,86.48,15.17
2273,2024-10-05T23:00:00,0.0,96.57,96.75,13.69
2274,2024-10-06T00:00:00,0.0,96.52,96.65,13.36
2275,2024-10-06T01:00:00,0.0,93.82,94.05,13.46
2276,2024-10-06T02:00:00,0.0,98.33,98.42,12.94
2277,2024-10-06T03:00:00,0.0,95.37,95.55,12.88
2278,2024-10-06T04:00:00,0.0,96.92,96.98,12.73
2279,2024-10-06T05:00:00,0.0,97.18,97.27,12.58
2280,2024-10-06T06:00:00,0.0,96.77,96.8,12.09
2281,2024-10-06T07:00:00,0.0,97.08,97.2,11.92
2282,2024-10-06T08:00:00,0.0,97.35,97.55,11.43
2283,2024-10-06T09:00:00,0.0,92.7,92.83,11.44
2284,2024-10-06T10:00:00,0.06,95.87,95.98,10.97
2285,2024-10-06T11:00:00,63.93,91.29,91.51,11.01
2286,2024-10-06T12:00:00,339.68,73.58,74.2,13.95
2287,2024-10-06T13:00:00,591.28,69.08,69.98,16.07
2288,2024-10-06T14:00:00,818.84,55.02,56.27,17.91
2289,2024-10-06T15:00:00,988.41,43.51,44.23,19.65
2290,2024-10-06T16:00:00,1098.29,36.39,37.46,21.46
2291,2024-10-06T17:00:00,969.06,34.21,35.23,22.71
2292,2024-10-06T18:00:00,868.75,49.78,50.48,21.59
2293,2024-10-06T19:00:00,231.39,56.78,57.28,19.39
2294,2024-10-06T20:00:00,314.57,57.8,58.38,18.8
2295,2024-10-06T21:00:00,204.8,58.48,58.83,18.64
2296,2024-10-06T22:00:00,45.26,67.88,68.2,16.82
2297,2024-10-06T23:00:00,0.11,77.3,77.47,15.28
2298,2024-10-07T00:00:00,0.0,83.97,84.33,13.61
2299,2024-10-07T01:00:00,0.0,89.13,89.4,12.57
2300,2024-10-07T02:00:00,0.0,90.8,91.02,12.84
2301,2024-10-07T03:00:00,0.0,90.03,90.18,13.03
2302,2024-10-07T04:00:00,0.0,88.42,88.58,13.1
2303,2024-10-07T05:00:00,0.0,87.37,87.47,13.01
2304,2024-10-07T06:00:00,0.0,94.35,94.48,12.61
2305,2024-10-07T07:00:00,0.0,96.57,96.72,12.19
2306,2024-10-07T08:00:00,0.0,92.55,92.65,12.46
2307,2024-10-07T09:00:00,0.0,88.07,88.32,12.29
2308,2024-10-07T10:00:00,0.12,92.2,92.27,11.76
2309,2024-10-07T11:00:00,47.26,87.93,88.12,12.04
2310,2024-10-07T12:00:00,293.69,81.1,81.45,13.44
2311,2024-10-07T13:00:00,539.24,70.3,71.25,15.68
2312,2024-10-07T14:00:00,819.53,48.08,49.15,18.62
2313,2024-10-07T15:00:00,926.76,40.64,41.61,19.76
2314,2024-10-07T16:00:00,842.52,38.85,40.52,21.1
2315,2024-10-07T17:00:00,732.47,36.81,37.77,21.71
2316,2024-10-07T18:00:00,802.41,34.58,35.32,22.66
2317,2024-10-07T19:00:00,610.82,45.55,46.35,21.98
2318,2024-10-07T20:00:00,448.5,52.0,52.53,20.68
2319,2024-10-07T21:00:00,117.78,63.1,63.37,18.17
2320,2024-10-07T22:00:00,20.27,74.67,74.85,15.94
2321,2024-10-07T23:00:00,0.02,79.55,79.82,15.14
2322,2024-10-08T00:00:00,0.0,83.68,83.8,14.35
2323,2024-10-08T01:00:00,0.0,89.77,90.07,13.66
2324,2024-10-08T02:00:00,0.0,93.98,94.13,13.06
2325,2024-10-08T03:00:00,0.0,99.15,99.25,11.21
2326,2024-10-08T04:00:00,0.0,96.17,96.27,11.44
2327,2024-10-08T05:00:00,0.0,94.63,94.82,11.63
2328,2024-10-08T06:00:00,0.0,94.87,94.92,11.52
2329,2024-10-08T07:00:00,0.0,96.6,96.8,11.5
2330,2024-10-08T08:00:00,0.0,95.63,95.75,11.57
2331,2024-10-08T09:00:00,0.0,96.98,97.07,11.35
2332,2024-10-08T10:00:00,0.14,96.33,96.48,11.17
2333,2024-10-08T11:00:00,22.2,93.18,93.35,11.54
2334,2024-10-08T12:00:00,119.98,87.23,87.63,12.44
2335,2024-10-08T13:00:00,234.93,82.28,82.9,13.72
2336,2024-10-08T14:00:00,348.18,79.23,79.78,14.91
2337,2024-10-08T15:00:00,561.99,67.77,68.73,17.02
2338,2024-10-08T16:00:00,479.41,68.28,69.23,17.82
2339,2024-10-08T17:00:00,459.19,65.13,66.05,18.72
2340,2024-10-08T18:00:00,325.75,60.92,61.75,18.79
2341,2024-10-08T19:00:00,75.75,64.43,64.98,17.2
2342,2024-10-08T20:00:00,53.9,79.43,80.1,13.99
2343,2024-10-08T21:00:00,179.72,80.7,81.47,13.98
2344,2024-10-08T22:00:00,49.57,84.52,84.85,13.92
2345,2024-10-08T23:00:00,0.0,91.57,91.85,12.23
2346,2024-10-09T00:00:00,0.0,99.3,99.53,11.55
2347,2024-10-09T01:00:00,0.0,99.0,99.03,11.46
2348,2024-10-09T02:00:00,0.0,97.3,97.43,11.53
2349,2024-10-09T03:00:00,0.0,97.1,97.18,11.44
2350,2024-10-09T04:00:00,0.0,97.47,97.53,11.47
2351,2024-10-09T05:00:00,0.0,95.9,95.95,11.34
2352,2024-10-09T06:00:00,0.0,95.73,95.77,11.49
2353,2024-10-09T07:00:00,0.0,95.87,95.98,11.74
2354,2024-10-09T08:00:00,0.0,94.3,94.42,11.76
2355,2024-10-09T09:00:00,0.0,96.0,96.15,11.31
2356,2024-10-09T10:00:00,0.02,98.25,98.29,10.81
2357,2024-10-09T11:00:00,46.23,93.72,93.87,11.08
2358,2024-10-09T12:00:00,140.12,90.22,90.58,12.09
2359,2024-10-09T13:00:00,517.76,77.73,78.63,14.57
2360,2024-10-09T14:00:00,762.83,68.88,70.13,16.72
2361,2024-10-09T15:00:00,970.79,59.65,61.13,19.08
2362,2024-10-09T16:00:00,802.78,53.87,55.03,19.89
2363,2024-10-09T17:00:00,535.01,52.15,53.22,20.27
2364,2024-10-09T18:00:00,285.58,49.95,50.53,20.71
2365,2024-10-09T19:00:00,623.95,53.18,53.95,20.78
2366,2024-10-09T20:00:00,444.38,52.8,53.38,20.23
2367,2024-10-09T21:00:00,39.54,67.7,68.1,16.77
2368,2024-10-09T22:00:00,5.02,82.03,82.45,14.45
2369,2024-10-09T23:00:00,0.0,97.1,97.23,12.58
2370,2024-10-10T00:00:00,0.0,97.22,97.4,12.62
2371,2024-10-10T01:00:00,0.0,98.63,98.75,12.49
2372,2024-10-10T02:00:00,0.0,97.75,97.8,12.34
2373,2024-10-10T03:00:00,0.0,97.78,97.95,12.21
2374,2024-10-10T04:00:00,0.0,98.8,98.93,12.08
2375,2024-10-10T05:00:00,0.0,99.13,99.28,11.97
2376,2024-10-10T06:00:00,0.0,100.0,100.0,11.7
2377,2024-10-10T07:00:00,0.0,100.0,100.0,11.56
2378,2024-10-10T08:00:00,0.0,100.0,100.0,11.32
2379,2024-10-10T09:00:00,0.0,100.0,100.0,11.36
2380,2024-10-10T10:00:00,0.04,99.35,99.35,11.49
2381,2024-10-10T11:00:00,16.77,99.57,99.62,11.49
2382,2024-10-10T12:00:00,104.02,96.2,96.3,12.13
2383,2024-10-10T13:00:00,391.77,87.15,87.92,14.05
2384,2024-10-10T14:00:00,479.94,76.67,77.58,16.19
2385,2024-10-10T15:00:00,353.75,78.78,79.55,16.28
2386,2024-10-10T16:00:00,602.46,69.17,70.33,17.85
2387,2024-10-10T17:00:00,626.94,62.22,63.37,19.27
2388,2024-10-10T18:00:00,192.17,60.57,61.1,18.59
2389,2024-10-10T19:00:00,81.85,64.88,65.45,17.17
2390,2024-10-10T20:00:00,18.45,81.78,82.32,13.81
2391,2024-10-10T21:00:00,66.52,89.0,89.45,12.96
2392,2024-10-10T22:00:00,51.4,90.42,90.73,13.01
2393,2024-10-10T23:00:00,0.32,93.42,93.72,12.5
2394,2024-10-11T00:00:00,0.0,91.45,91.67,12.59
2395,2024-10-11T01:00:00,0.0,94.98,95.15,12.3
2396,2024-10-11T02:00:00,0.0,94.83,95.05,12.11
2397,2024-10-11T03:00:00,0.0,96.47,96.58,11.94
2398,2024-10-11T04:00:00,0.0,96.85,96.98,11.67
2399,2024-10-11T05:00:00,0.0,97.15,97.2,11.6
2400,2024-10-11T06:00:00,0.0,94.78,94.88,11.9
2401,2024-10-11T07:00:00,0.0,94.83,94.9,11.86
2402,2024-10-11T08:00:00,0.0,95.83,95.88,11.81
2403,2024-10-11T09:00:00,0.0,93.95,94.03,11.9
2404,2024-10-11T10:00:00,0.07,94.12,94.17,11.77
2405,2024-10-11T11:00:00,50.25,90.95,91.05,11.97
2406,2024-10-11T12:00:00,166.34,83.77,84.0,13.65
2407,2024-10-11T13:00:00,609.97,62.05,63.53,16.97
2408,2024-10-11T14:00:00,823.97,53.63,55.38,18.81
2409,2024-10-11T15:00:00,692.84,56.12,57.47,19.47
2410,2024-10-11T16:00:00,307.53,53.72,54.9,19.27
2411,2024-10-11T17:00:00,349.95,51.48,52.28,18.91
2412,2024-10-11T18:00:00,761.6,44.17,45.42,20.96
2413,2024-10-11T19:00:00,208.35,50.85,51.33,19.86
2414,2024-10-11T20:00:00,277.17,53.95,54.43,19.7
2415,2024-10-11T21:00:00,111.56,61.45,61.83,18.23
2416,2024-10-11T22:00:00,45.43,65.25,65.53,17.03
2417,2024-10-11T23:00:00,0.23,68.72,69.12,15.99
2418,2024-10-12T00:00:00,0.0,64.27,64.52,15.7
2419,2024-10-12T01:00:00,0.0,69.02,69.23,14.75
2420,2024-10-12T02:00:00,0.0,67.98,68.2,14.15
2421,2024-10-12T03:00:00,0.0,62.95,63.08,13.78
2422,2024-10-12T04:00:00,0.0,60.73,60.97,13.64
2423,2024-10-12T05:00:00,0.0,61.35,61.65,13.64
2424,2024-10-12T06:00:00,0.0,62.08,62.4,13.36
2425,2024-10-12T07:00:00,0.0,63.95,64.2,13.07
2426,2024-10-12T08:00:00,0.0,67.97,68.22,12.81
2427,2024-10-12T09:00:00,0.0,62.52,62.93,12.51
2428,2024-10-12T10:00:00,0.06,57.93,58.45,11.5
2429,2024-10-12T11:00:00,55.26,60.93,61.15,10.8
2430,2024-10-12T12:00:00,207.8,52.88,53.48,13.62
2431,2024-10-12T13:00:00,447.65,41.73,42.8,16.33
2432,2024-10-12T14:00:00,738.57,29.93,30.88,18.87
2433,2024-10-12T15:00:00,1008.86,30.42,31.72,20.9
2434,2024-10-12T16:00:00,719.99,30.17,31.32,21.33
2435,2024-10-12T17:00:00,834.51,29.57,30.75,21.91
2436,2024-10-12T18:00:00,1047.3,30.67,31.8,23.0
2437,2024-10-12T19:00:00,866.64,31.6,32.58,23.29
2438,2024-10-12T20:00:00,326.62,40.87,41.63,21.44
2439,2024-10-12T21:00:00,45.55,54.02,54.4,18.8
2440,2024-10-12T22:00:00,44.18,55.72,56.02,17.73
2441,2024-10-12T23:00:00,2.1,60.05,60.27,16.39
2442,2024-10-13T00:00:00,0.0,58.6,58.83,15.9
2443,2024-10-13T01:00:00,0.0,57.75,57.93,15.33
2444,2024-10-13T02:00:00,0.0,57.93,58.05,15.01
2445,2024-10-13T03:00:00,0.0,59.73,59.93,14.76
2446,2024-10-13T04:00:00,0.0,62.2,62.35,14.22
2447,2024-10-13T05:00:00,0.0,63.85,63.92,14.06
2448,2024-10-13T06:00:00,0.0,63.35,63.55,13.73
2449,2024-10-13T07:00:00,0.0,64.03,64.17,13.46
2450,2024-10-13T08:00:00,0.0,64.73,64.88,13.47
2451,2024-10-13T09:00:00,0.0,63.95,64.23,13.38
2452,2024-10-13T10:00:00,0.11,65.37,65.45,12.6
2453,2024-10-13T11:00:00,60.72,61.13,61.4,13.35
2454,2024-10-13T12:00:00,337.63,47.18,47.5,16.43
2455,2024-10-13T13:00:00,623.98,42.03,42.77,18.37
2456,2024-10-13T14:00:00,853.02,39.79,41.01,19.81
2457,2024-10-13T15:00:00,1023.86,36.53,37.77,20.88
2458,2024-10-13T16:00:00,1072.66,35.83,37.47,21.29
2459,2024-10-13T17:00:00,851.43,35.05,36.48,21.68
2460,2024-10-13T18:00:00,809.73,35.57,37.22,21.68
2461,2024-10-13T19:00:00,516.62,37.48,38.26,20.87
2462,2024-10-13T20:00:00,252.59,43.22,43.63,19.2
2463,2024-10-13T21:00:00,112.52,45.2,45.57,18.03
2464,2024-10-13T22:00:00,32.69,44.85,45.08,17.31
2465,2024-10-13T23:00:00,0.03,53.17,53.3,16.03
2466,2024-10-14T00:00:00,0.0,56.78,56.9,15.03
2467,2024-10-14T01:00:00,0.0,58.73,58.9,14.17
2468,2024-10-14T02:00:00,0.0,55.1,55.43,13.81
2469,2024-10-14T03:00:00,0.0,47.43,47.62,13.94
2470,2024-10-14T04:00:00,0.0,48.18,48.27,13.57
2471,2024-10-14T05:00:00,0.0,51.05,51.3,13.18
2472,2024-10-14T06:00:00,0.0,50.05,50.25,13.38
2473,2024-10-14T07:00:00,0.0,55.87,56.13,12.2
2474,2024-10-14T08:00:00,0.0,54.33,54.45,12.7
2475,2024-10-14T09:00:00,0.0,52.07,52.18,12.75
2476,2024-10-14T10:00:00,0.07,51.88,51.95,12.5
2477,2024-10-14T11:00:00,68.5,49.93,50.05,13.25
2478,2024-10-14T12:00:00,198.85,47.6,47.75,14.55
2479,2024-10-14T13:00:00,442.85,45.08,45.37,16.56
2480,2024-10-14T14:00:00,374.01,43.15,43.47,17.61
2481,2024-10-14T15:00:00,859.94,39.21,40.64,19.41
2482,2024-10-14T16:00:00,1025.06,34.43,35.85,21.09
2483,2024-10-14T17:00:00,1125.66,33.03,34.17,22.22
2484,2024-10-14T18:00:00,861.45,32.5,33.53,22.88
2485,2024-10-14T19:00:00,404.76,36.27,,20.95
2486,2024-10-14T20:00:00,,36.98,,20.53
